squareFootage,bedrooms,bathrooms,age,neighborhood,parkingSpaces,locationType,furnishingState,kitchenType,price
1984,4,4,2,2.5,4,RURAL,SEMI_FURNISHED,OPEN_KITCHEN,375296
1715,3,3,9,4.0,2,UPTOWN,UNFURNISHED,OPEN_KITCHEN,625697
2288,5,4,10,2.9,5,SUBURB,UNFURNISHED,OPEN_KITCHEN,606038
2167,5,5,3,2.6,4,SUBURB,UNFURNISHED,OPEN_KITCHEN,580929
500,1,1,7,3.8,1,METROPOLITAN,SEMI_FURNISHED,OPEN_KITCHEN,245529
500,2,1,1,3.9,1,UPTOWN,UNFURNISHED,OPEN_KITCHEN,328284
1896,5,4,5,2.8,5,SUBURB,UNFURNISHED,CLOSED_KITCHEN,492413
2232,4,4,10,3.5,3,SUBURB,SEMI_FURNISHED,OPEN_KITCHEN,505332
1769,4,3,15,2.4,3,RURAL,UNFURNISHED,CLOSED_KITCHEN,261592
1506,3,3,6,3.2,3,RURAL,FURNISHED,OPEN_KITCHEN,318257
1089,2,2,12,3.3,3,RURAL,UNFURNISHED,CLOSED_KITCHEN,193569
2219,5,4,2,4.3,2,DOWNTOWN,SEMI_FURNISHED,OPEN_KITCHEN,954322
1919,5,4,4,4.3,3,DOWNTOWN,SEMI_FURNISHED,CLOSED_KITCHEN,808693
2550,6,6,0,2.7,5,SUBURB,SEMI_FURNISHED,CLOSED_KITCHEN,711696
1884,4,4,7,1.9,3,SUBURB,FURNISHED,OPEN_KITCHEN,534088
1059,2,1,5,3.9,3,SUBURB,FURNISHED,CLOSED_KITCHEN,306826
1763,4,3,1,3.0,1,METROPOLITAN,UNFURNISHED,CLOSED_KITCHEN,560405
2728,6,5,16,3.3,4,RURAL,UNFURNISHED,OPEN_KITCHEN,443381
1198,3,3,5,3.8,1,METROPOLITAN,UNFURNISHED,OPEN_KITCHEN,490837
894,1,1,6,3.4,1,DOWNTOWN,SEMI_FURNISHED,OPEN_KITCHEN,343971
2078,4,3,5,3.1,1,DOWNTOWN,SEMI_FURNISHED,OPEN_KITCHEN,704470
749,1,1,1,3.9,2,SUBURB,SEMI_FURNISHED,CLOSED_KITCHEN,242014
1592,4,3,13,4.2,2,METROPOLITAN,UNFURNISHED,CLOSED_KITCHEN,481095
574,1,1,14,3.4,1,METROPOLITAN,SEMI_FURNISHED,OPEN_KITCHEN,205656
1531,3,3,27,4.5,3,UPTOWN,UNFURNISHED,CLOSED_KITCHEN,424784
1024,2,2,0,4.4,2,BEACHSIDE,UNFURNISHED,OPEN_KITCHEN,648749
1662,4,3,6,3.4,1,METROPOLITAN,SEMI_FURNISHED,OPEN_KITCHEN,607748
1580,3,3,16,3.8,2,METROPOLITAN,SEMI_FURNISHED,CLOSED_KITCHEN,424474
2569,5,5,3,3.3,5,SUBURB,FURNISHED,OPEN_KITCHEN,806368
1385,3,3,2,4.1,3,UPTOWN,UNFURNISHED,OPEN_KITCHEN,649082
1080,2,1,2,2.8,3,SUBURB,UNFURNISHED,OPEN_KITCHEN,279054
1090,2,2,3,4.7,2,BEACHSIDE,UNFURNISHED,OPEN_KITCHEN,603204
829,2,1,0,4.4,1,UPTOWN,UNFURNISHED,CLOSED_KITCHEN,350024
2553,5,4,6,4.0,3,METROPOLITAN,UNFURNISHED,OPEN_KITCHEN,839816
799,2,1,18,4.4,1,BEACHSIDE,SEMI_FURNISHED,CLOSED_KITCHEN,358325
1533,4,3,8,2.9,4,SUBURB,UNFURNISHED,OPEN_KITCHEN,382032
1175,3,3,1,3.1,1,DOWNTOWN,SEMI_FURNISHED,OPEN_KITCHEN,449531
500,1,1,23,3.3,2,SUBURB,UNFURNISHED,CLOSED_KITCHEN,115480
1174,3,3,2,4.7,2,DOWNTOWN,SEMI_FURNISHED,OPEN_KITCHEN,518617
2626,6,5,6,2.7,3,METROPOLITAN,FURNISHED,CLOSED_KITCHEN,905551
1571,4,3,15,3.9,4,SUBURB,UNFURNISHED,CLOSED_KITCHEN,411180
1572,3,2,9,2.3,4,RURAL,SEMI_FURNISHED,OPEN_KITCHEN,246029
2003,4,4,7,3.6,3,SUBURB,SEMI_FURNISHED,OPEN_KITCHEN,478521
500,1,1,20,3.4,0,METROPOLITAN,UNFURNISHED,CLOSED_KITCHEN,126482
1655,4,4,7,2.8,2,DOWNTOWN,SEMI_FURNISHED,OPEN_KITCHEN,683481
968,2,2,1,3.2,2,UPTOWN,UNFURNISHED,OPEN_KITCHEN,398959
665,1,1,2,3.9,2,UPTOWN,UNFURNISHED,OPEN_KITCHEN,312154
1239,3,2,1,3.1,2,METROPOLITAN,FURNISHED,CLOSED_KITCHEN,481736
1556,4,3,6,3.0,1,DOWNTOWN,SEMI_FURNISHED,OPEN_KITCHEN,573923
1862,4,3,9,3.2,4,SUBURB,FURNISHED,OPEN_KITCHEN,437135
1197,3,3,12,4.1,2,DOWNTOWN,SEMI_FURNISHED,OPEN_KITCHEN,484419
2140,4,3,8,2.5,4,RURAL,UNFURNISHED,OPEN_KITCHEN,325731
1955,4,3,0,4.0,2,METROPOLITAN,SEMI_FURNISHED,OPEN_KITCHEN,731816
2068,4,3,8,4.3,1,METROPOLITAN,SEMI_FURNISHED,CLOSED_KITCHEN,568957
1657,4,3,6,3.0,1,METROPOLITAN,FURNISHED,OPEN_KITCHEN,576609
1088,2,2,18,3.2,2,SUBURB,FURNISHED,CLOSED_KITCHEN,226904
1734,4,3,7,3.5,1,METROPOLITAN,SEMI_FURNISHED,OPEN_KITCHEN,514314
1671,4,3,8,3.7,2,METROPOLITAN,UNFURNISHED,CLOSED_KITCHEN,569848
1732,4,4,2,3.6,3,SUBURB,SEMI_FURNISHED,CLOSED_KITCHEN,517064
1933,4,4,3,2.4,2,METROPOLITAN,UNFURNISHED,CLOSED_KITCHEN,657218
898,2,2,1,4.7,2,SUBURB,UNFURNISHED,CLOSED_KITCHEN,274584
1289,3,3,5,3.7,3,BEACHSIDE,UNFURNISHED,OPEN_KITCHEN,702817
1155,2,2,9,3.4,2,SUBURB,SEMI_FURNISHED,OPEN_KITCHEN,303472
928,2,2,5,3.4,3,SUBURB,FURNISHED,OPEN_KITCHEN,296350
785,2,2,0,3.8,2,SUBURB,UNFURNISHED,CLOSED_KITCHEN,283726
1629,3,2,13,2.6,4,SUBURB,UNFURNISHED,CLOSED_KITCHEN,342322
1207,3,2,15,3.2,3,SUBURB,UNFURNISHED,CLOSED_KITCHEN,301057
942,1,1,12,1.9,3,RURAL,FURNISHED,CLOSED_KITCHEN,134249
1462,3,3,16,4.0,2,DOWNTOWN,FURNISHED,CLOSED_KITCHEN,534137
1595,4,4,13,3.3,4,SUBURB,SEMI_FURNISHED,OPEN_KITCHEN,373539
2055,4,3,11,4.7,3,BEACHSIDE,FURNISHED,CLOSED_KITCHEN,962653
916,2,2,12,3.0,3,SUBURB,SEMI_FURNISHED,OPEN_KITCHEN,259667
2518,6,5,6,3.1,5,SUBURB,SEMI_FURNISHED,OPEN_KITCHEN,716838
1472,3,3,24,3.1,2,DOWNTOWN,UNFURNISHED,CLOSED_KITCHEN,373450
777,2,1,18,4.6,2,BEACHSIDE,FURNISHED,CLOSED_KITCHEN,374977
1432,3,3,6,5.0,3,BEACHSIDE,SEMI_FURNISHED,OPEN_KITCHEN,827107
2157,5,4,1,2.2,5,RURAL,FURNISHED,OPEN_KITCHEN,493337
921,3,2,9,2.7,4,RURAL,UNFURNISHED,OPEN_KITCHEN,199483
1129,3,2,2,3.4,3,SUBURB,FURNISHED,CLOSED_KITCHEN,350533
2254,5,5,13,3.0,4,SUBURB,UNFURNISHED,OPEN_KITCHEN,535423
610,1,1,15,3.5,2,SUBURB,UNFURNISHED,OPEN_KITCHEN,153254
723,1,1,5,5.0,2,UPTOWN,UNFURNISHED,OPEN_KITCHEN,406840
812,2,2,9,3.6,1,DOWNTOWN,SEMI_FURNISHED,CLOSED_KITCHEN,283760
1499,3,3,0,3.0,1,METROPOLITAN,UNFURNISHED,OPEN_KITCHEN,478908
1537,3,3,2,4.4,2,BEACHSIDE,UNFURNISHED,OPEN_KITCHEN,822070
1625,4,3,5,3.1,4,SUBURB,FURNISHED,OPEN_KITCHEN,461580
2134,5,4,3,2.5,3,BEACHSIDE,SEMI_FURNISHED,OPEN_KITCHEN,998890
2088,4,3,15,3.0,1,METROPOLITAN,FURNISHED,OPEN_KITCHEN,555008
2135,4,4,1,3.2,2,METROPOLITAN,UNFURNISHED,OPEN_KITCHEN,768868
2072,4,3,1,4.6,2,BEACHSIDE,SEMI_FURNISHED,OPEN_KITCHEN,1064523
1045,2,2,6,2.4,3,SUBURB,FURNISHED,OPEN_KITCHEN,310587
913,2,1,16,2.5,3,RURAL,UNFURNISHED,OPEN_KITCHEN,138846
1682,4,3,3,3.4,1,METROPOLITAN,UNFURNISHED,CLOSED_KITCHEN,501013
1736,4,3,0,2.3,3,RURAL,SEMI_FURNISHED,CLOSED_KITCHEN,318091
920,2,2,11,2.3,3,RURAL,UNFURNISHED,CLOSED_KITCHEN,151840
2429,5,4,15,3.9,4,BEACHSIDE,SEMI_FURNISHED,OPEN_KITCHEN,858942
2277,5,4,17,3.4,5,SUBURB,SEMI_FURNISHED,CLOSED_KITCHEN,461627
615,1,1,1,3.2,1,BEACHSIDE,FURNISHED,OPEN_KITCHEN,430346
2027,5,5,14,3.6,3,DOWNTOWN,SEMI_FURNISHED,CLOSED_KITCHEN,716137
1426,3,3,1,4.5,2,UPTOWN,UNFURNISHED,OPEN_KITCHEN,703082
1428,4,4,13,3.1,3,RURAL,FURNISHED,CLOSED_KITCHEN,250754
1668,4,3,5,3.6,2,METROPOLITAN,SEMI_FURNISHED,OPEN_KITCHEN,530500
918,1,1,2,2.8,1,METROPOLITAN,SEMI_FURNISHED,OPEN_KITCHEN,276127
2242,5,5,2,3.2,4,SUBURB,SEMI_FURNISHED,OPEN_KITCHEN,690297
917,2,2,0,4.6,1,BEACHSIDE,SEMI_FURNISHED,CLOSED_KITCHEN,527169
2587,5,5,14,4.5,3,METROPOLITAN,SEMI_FURNISHED,CLOSED_KITCHEN,810862
1333,3,3,0,3.5,1,METROPOLITAN,SEMI_FURNISHED,CLOSED_KITCHEN,529949
1057,3,2,1,3.4,2,DOWNTOWN,FURNISHED,OPEN_KITCHEN,570016
827,3,2,7,4.9,3,BEACHSIDE,UNFURNISHED,OPEN_KITCHEN,637369
522,1,1,18,3.6,2,SUBURB,SEMI_FURNISHED,OPEN_KITCHEN,133784
1641,4,4,0,3.7,4,SUBURB,SEMI_FURNISHED,OPEN_KITCHEN,593605
1150,3,3,12,3.5,4,SUBURB,UNFURNISHED,OPEN_KITCHEN,303609
1758,4,4,11,2.9,1,DOWNTOWN,UNFURNISHED,CLOSED_KITCHEN,533699
1787,4,3,3,4.2,3,UPTOWN,UNFURNISHED,OPEN_KITCHEN,715109
1643,4,4,0,5.0,2,UPTOWN,FURNISHED,OPEN_KITCHEN,904167
1684,4,4,2,3.0,3,SUBURB,SEMI_FURNISHED,CLOSED_KITCHEN,485625
1367,3,2,2,3.7,4,SUBURB,UNFURNISHED,OPEN_KITCHEN,435859
1120,2,1,3,4.6,1,BEACHSIDE,FURNISHED,OPEN_KITCHEN,579585
2031,4,3,4,3.0,1,METROPOLITAN,SEMI_FURNISHED,CLOSED_KITCHEN,650275
1865,4,3,3,2.5,4,SUBURB,UNFURNISHED,OPEN_KITCHEN,502593
2775,6,6,5,3.7,4,SUBURB,SEMI_FURNISHED,OPEN_KITCHEN,696949
1348,3,2,13,3.7,1,METROPOLITAN,SEMI_FURNISHED,CLOSED_KITCHEN,385880
893,2,1,13,3.5,3,SUBURB,SEMI_FURNISHED,OPEN_KITCHEN,219225
1398,4,3,13,2.8,3,SUBURB,UNFURNISHED,CLOSED_KITCHEN,305075
1977,4,4,4,4.4,3,BEACHSIDE,UNFURNISHED,OPEN_KITCHEN,933924
1077,2,1,0,3.8,2,SUBURB,SEMI_FURNISHED,CLOSED_KITCHEN,272587
1453,3,2,18,3.5,3,SUBURB,UNFURNISHED,OPEN_KITCHEN,282161
1485,3,2,9,3.6,3,SUBURB,UNFURNISHED,OPEN_KITCHEN,338998
734,1,1,0,3.7,1,DOWNTOWN,SEMI_FURNISHED,OPEN_KITCHEN,328810
1670,4,4,0,4.5,2,UPTOWN,SEMI_FURNISHED,CLOSED_KITCHEN,688416
2255,5,5,11,3.1,3,METROPOLITAN,UNFURNISHED,CLOSED_KITCHEN,662796
1292,3,2,10,3.4,4,SUBURB,FURNISHED,OPEN_KITCHEN,346909
1505,3,3,6,2.5,3,SUBURB,UNFURNISHED,OPEN_KITCHEN,401900
1365,2,2,4,4.1,2,UPTOWN,FURNISHED,CLOSED_KITCHEN,536446
1813,4,4,9,4.0,2,UPTOWN,UNFURNISHED,OPEN_KITCHEN,762718
1098,3,3,1,3.6,2,BEACHSIDE,UNFURNISHED,OPEN_KITCHEN,596203
1396,3,3,4,2.4,2,METROPOLITAN,UNFURNISHED,OPEN_KITCHEN,476068
2100,5,5,6,4.1,2,DOWNTOWN,UNFURNISHED,OPEN_KITCHEN,768570
1209,3,2,2,3.6,3,UPTOWN,UNFURNISHED,OPEN_KITCHEN,493521
1476,3,3,3,2.7,4,SUBURB,SEMI_FURNISHED,OPEN_KITCHEN,461698
897,2,1,8,2.8,2,SUBURB,UNFURNISHED,CLOSED_KITCHEN,202541
500,1,1,5,3.5,1,UPTOWN,SEMI_FURNISHED,CLOSED_KITCHEN,224121
1449,3,3,14,2.5,3,RURAL,SEMI_FURNISHED,CLOSED_KITCHEN,243818
1652,4,4,9,3.7,3,SUBURB,UNFURNISHED,CLOSED_KITCHEN,403230
500,2,2,13,2.6,2,RURAL,FURNISHED,CLOSED_KITCHEN,124030
1587,3,2,9,3.8,2,METROPOLITAN,SEMI_FURNISHED,OPEN_KITCHEN,548975
500,1,1,3,2.7,2,SUBURB,SEMI_FURNISHED,CLOSED_KITCHEN,162049
1208,2,1,11,3.9,1,DOWNTOWN,SEMI_FURNISHED,OPEN_KITCHEN,383208
2096,4,3,6,3.3,4,SUBURB,FURNISHED,CLOSED_KITCHEN,533868
1007,2,2,5,2.5,2,SUBURB,SEMI_FURNISHED,OPEN_KITCHEN,299225
1012,2,1,12,4.4,1,BEACHSIDE,UNFURNISHED,CLOSED_KITCHEN,423597
1079,3,3,4,5.0,3,BEACHSIDE,SEMI_FURNISHED,OPEN_KITCHEN,744585
1611,3,3,16,3.0,4,SUBURB,UNFURNISHED,OPEN_KITCHEN,354334
1055,2,2,4,3.2,2,SUBURB,UNFURNISHED,CLOSED_KITCHEN,247280
693,2,1,11,3.2,2,SUBURB,SEMI_FURNISHED,OPEN_KITCHEN,185172
1597,4,3,3,5.0,3,BEACHSIDE,SEMI_FURNISHED,CLOSED_KITCHEN,789600
500,1,1,2,3.2,2,RURAL,SEMI_FURNISHED,OPEN_KITCHEN,117412
710,1,1,4,2.4,3,RURAL,FURNISHED,CLOSED_KITCHEN,141891
1865,4,3,5,2.5,3,RURAL,FURNISHED,CLOSED_KITCHEN,314844
957,2,1,2,4.2,1,BEACHSIDE,UNFURNISHED,OPEN_KITCHEN,532680
1325,3,3,11,4.0,1,METROPOLITAN,SEMI_FURNISHED,CLOSED_KITCHEN,465793
1843,3,2,3,2.0,4,SUBURB,UNFURNISHED,OPEN_KITCHEN,437485
2161,5,5,6,4.0,4,SUBURB,FURNISHED,OPEN_KITCHEN,625716
1680,3,3,1,3.7,4,SUBURB,SEMI_FURNISHED,OPEN_KITCHEN,459525
1358,3,2,13,3.0,2,METROPOLITAN,UNFURNISHED,CLOSED_KITCHEN,404710
1838,4,4,0,2.4,4,RURAL,UNFURNISHED,OPEN_KITCHEN,349430
1333,2,2,2,4.0,2,SUBURB,UNFURNISHED,OPEN_KITCHEN,399252
766,2,1,7,2.9,3,SUBURB,SEMI_FURNISHED,OPEN_KITCHEN,220314
1042,2,1,2,3.7,3,SUBURB,UNFURNISHED,OPEN_KITCHEN,278914
2263,5,5,1,3.4,5,RURAL,UNFURNISHED,OPEN_KITCHEN,480451
1708,4,4,0,3.3,4,SUBURB,FURNISHED,OPEN_KITCHEN,595636
1937,4,3,3,2.6,2,METROPOLITAN,UNFURNISHED,CLOSED_KITCHEN,596524
1452,4,4,3,3.9,2,DOWNTOWN,SEMI_FURNISHED,OPEN_KITCHEN,601779
792,2,1,3,2.2,2,SUBURB,SEMI_FURNISHED,OPEN_KITCHEN,217357
1669,4,3,19,3.6,2,METROPOLITAN,FURNISHED,CLOSED_KITCHEN,469051
500,1,1,8,2.5,3,SUBURB,SEMI_FURNISHED,OPEN_KITCHEN,153046
1252,2,2,6,2.7,0,METROPOLITAN,FURNISHED,OPEN_KITCHEN,374270
1531,3,3,9,2.8,4,SUBURB,FURNISHED,CLOSED_KITCHEN,443814
1020,2,2,12,3.8,1,METROPOLITAN,FURNISHED,CLOSED_KITCHEN,350339
836,1,1,21,3.6,0,METROPOLITAN,UNFURNISHED,OPEN_KITCHEN,202601
1799,4,4,3,5.0,2,UPTOWN,FURNISHED,OPEN_KITCHEN,878776
1520,3,3,5,3.7,3,SUBURB,UNFURNISHED,OPEN_KITCHEN,400288
1924,4,3,1,4.5,2,UPTOWN,SEMI_FURNISHED,OPEN_KITCHEN,838521
786,2,1,12,3.0,2,SUBURB,UNFURNISHED,CLOSED_KITCHEN,160694
1711,3,2,8,3.5,2,DOWNTOWN,FURNISHED,OPEN_KITCHEN,542670
972,2,1,2,3.1,0,METROPOLITAN,SEMI_FURNISHED,OPEN_KITCHEN,310000
1467,3,2,0,5.0,3,BEACHSIDE,FURNISHED,OPEN_KITCHEN,947939
1125,3,2,4,3.1,3,SUBURB,FURNISHED,CLOSED_KITCHEN,382614
1409,3,2,6,2.9,3,SUBURB,SEMI_FURNISHED,OPEN_KITCHEN,350498
1887,4,4,3,2.9,3,SUBURB,SEMI_FURNISHED,OPEN_KITCHEN,468861
813,2,1,10,5.0,0,DOWNTOWN,UNFURNISHED,CLOSED_KITCHEN,287382
2004,4,4,11,3.3,3,SUBURB,SEMI_FURNISHED,OPEN_KITCHEN,515471
1744,3,3,4,4.7,3,BEACHSIDE,FURNISHED,CLOSED_KITCHEN,869477
1711,3,3,5,3.9,1,METROPOLITAN,SEMI_FURNISHED,OPEN_KITCHEN,584774
1505,3,3,1,4.2,1,DOWNTOWN,UNFURNISHED,OPEN_KITCHEN,564360
681,1,1,14,3.2,3,SUBURB,SEMI_FURNISHED,CLOSED_KITCHEN,155970
1036,2,2,7,3.3,3,SUBURB,UNFURNISHED,OPEN_KITCHEN,304454
552,1,1,8,4.5,2,UPTOWN,UNFURNISHED,OPEN_KITCHEN,326018
2161,5,5,24,3.4,4,SUBURB,UNFURNISHED,CLOSED_KITCHEN,414669
1454,3,3,9,2.2,4,RURAL,SEMI_FURNISHED,OPEN_KITCHEN,271480
974,2,1,5,2.2,3,SUBURB,SEMI_FURNISHED,OPEN_KITCHEN,233960
1310,3,2,3,3.9,3,RURAL,FURNISHED,OPEN_KITCHEN,298734
878,2,2,10,4.6,1,BEACHSIDE,UNFURNISHED,OPEN_KITCHEN,509673
1290,3,3,16,4.4,2,UPTOWN,UNFURNISHED,OPEN_KITCHEN,444875
2004,5,4,0,3.9,3,UPTOWN,SEMI_FURNISHED,OPEN_KITCHEN,846592
1685,3,3,5,3.8,2,METROPOLITAN,SEMI_FURNISHED,OPEN_KITCHEN,517883
1667,4,4,10,3.1,3,SUBURB,SEMI_FURNISHED,CLOSED_KITCHEN,461950
1343,3,3,21,3.8,3,SUBURB,UNFURNISHED,CLOSED_KITCHEN,245531
896,2,1,8,4.4,1,UPTOWN,UNFURNISHED,CLOSED_KITCHEN,327278
1296,2,2,6,4.1,0,DOWNTOWN,SEMI_FURNISHED,OPEN_KITCHEN,409947
1155,3,3,13,3.7,2,METROPOLITAN,SEMI_FURNISHED,OPEN_KITCHEN,396777
1091,3,2,1,4.6,2,BEACHSIDE,FURNISHED,OPEN_KITCHEN,709510
2130,4,3,4,3.4,1,METROPOLITAN,FURNISHED,OPEN_KITCHEN,661049
1133,2,1,2,3.1,3,RURAL,UNFURNISHED,CLOSED_KITCHEN,210283
1247,3,2,0,3.9,1,METROPOLITAN,SEMI_FURNISHED,OPEN_KITCHEN,513374
1491,3,3,3,4.2,2,METROPOLITAN,SEMI_FURNISHED,OPEN_KITCHEN,591807
1145,3,3,8,3.3,3,SUBURB,UNFURNISHED,OPEN_KITCHEN,358392
1973,4,3,5,2.6,3,RURAL,SEMI_FURNISHED,CLOSED_KITCHEN,320533
970,3,2,10,3.5,1,DOWNTOWN,SEMI_FURNISHED,CLOSED_KITCHEN,343881
1383,3,3,8,3.3,3,SUBURB,FURNISHED,OPEN_KITCHEN,390333
2631,6,6,27,4.2,3,DOWNTOWN,SEMI_FURNISHED,CLOSED_KITCHEN,616140
1261,3,3,7,3.4,4,SUBURB,FURNISHED,OPEN_KITCHEN,421857
2466,5,5,0,4.6,3,METROPOLITAN,SEMI_FURNISHED,CLOSED_KITCHEN,967618
1979,4,3,0,3.2,4,SUBURB,FURNISHED,OPEN_KITCHEN,622985
2161,5,5,1,4.0,3,UPTOWN,UNFURNISHED,OPEN_KITCHEN,1029727
1547,3,2,13,2.6,3,SUBURB,SEMI_FURNISHED,CLOSED_KITCHEN,349971
2657,6,6,4,4.3,2,DOWNTOWN,UNFURNISHED,OPEN_KITCHEN,1108562
1732,4,3,9,4.5,2,UPTOWN,UNFURNISHED,OPEN_KITCHEN,595796
1068,3,2,0,3.4,4,SUBURB,UNFURNISHED,OPEN_KITCHEN,370140
588,1,1,13,3.8,1,UPTOWN,SEMI_FURNISHED,CLOSED_KITCHEN,243547
1881,3,2,7,3.6,4,SUBURB,FURNISHED,CLOSED_KITCHEN,452792
689,2,2,12,4.1,2,UPTOWN,UNFURNISHED,CLOSED_KITCHEN,288792
979,2,1,7,3.8,0,DOWNTOWN,UNFURNISHED,CLOSED_KITCHEN,322882
1653,3,3,0,2.7,3,SUBURB,FURNISHED,OPEN_KITCHEN,516203
747,1,1,3,4.5,3,SUBURB,SEMI_FURNISHED,OPEN_KITCHEN,270187
500,1,1,7,4.2,1,BEACHSIDE,UNFURNISHED,CLOSED_KITCHEN,278506
500,1,1,8,4.3,1,UPTOWN,SEMI_FURNISHED,OPEN_KITCHEN,275637
1869,4,3,11,4.8,3,BEACHSIDE,FURNISHED,OPEN_KITCHEN,991463
1277,3,2,1,3.6,1,METROPOLITAN,UNFURNISHED,CLOSED_KITCHEN,462078
2320,5,4,9,4.7,4,BEACHSIDE,UNFURNISHED,OPEN_KITCHEN,1061440
2177,5,5,0,3.8,3,DOWNTOWN,UNFURNISHED,OPEN_KITCHEN,961071
1314,3,3,1,3.2,4,SUBURB,UNFURNISHED,CLOSED_KITCHEN,426005
1627,4,4,7,2.8,1,METROPOLITAN,UNFURNISHED,OPEN_KITCHEN,567217
1673,4,3,3,3.4,4,RURAL,FURNISHED,OPEN_KITCHEN,336050
1440,3,2,16,2.9,4,SUBURB,UNFURNISHED,CLOSED_KITCHEN,268091
2176,5,4,4,3.3,5,SUBURB,SEMI_FURNISHED,CLOSED_KITCHEN,549599
925,2,2,12,3.7,1,DOWNTOWN,SEMI_FURNISHED,CLOSED_KITCHEN,351214
1155,2,1,11,3.5,0,METROPOLITAN,FURNISHED,CLOSED_KITCHEN,289461
936,2,1,4,3.3,2,SUBURB,FURNISHED,OPEN_KITCHEN,266207
910,2,2,5,3.6,2,SUBURB,UNFURNISHED,CLOSED_KITCHEN,247542
1170,2,1,5,3.6,0,METROPOLITAN,SEMI_FURNISHED,OPEN_KITCHEN,349255
1580,4,4,8,5.0,3,UPTOWN,FURNISHED,CLOSED_KITCHEN,766475
973,3,2,16,4.8,2,BEACHSIDE,SEMI_FURNISHED,CLOSED_KITCHEN,538479
1811,4,3,0,3.8,4,SUBURB,UNFURNISHED,CLOSED_KITCHEN,479047
2102,4,4,15,5.0,2,UPTOWN,SEMI_FURNISHED,CLOSED_KITCHEN,622470
1019,2,1,0,4.1,1,METROPOLITAN,FURNISHED,OPEN_KITCHEN,460280
1835,4,3,9,3.6,4,SUBURB,SEMI_FURNISHED,OPEN_KITCHEN,486167
2247,4,4,20,3.0,4,SUBURB,UNFURNISHED,OPEN_KITCHEN,445237
1454,3,3,7,3.0,1,METROPOLITAN,UNFURNISHED,OPEN_KITCHEN,442014
1814,4,3,15,3.3,2,METROPOLITAN,FURNISHED,OPEN_KITCHEN,593511
864,2,2,14,2.6,1,DOWNTOWN,UNFURNISHED,CLOSED_KITCHEN,250083
1056,2,2,12,3.7,1,DOWNTOWN,UNFURNISHED,CLOSED_KITCHEN,320866
1649,3,2,14,3.1,4,RURAL,SEMI_FURNISHED,CLOSED_KITCHEN,230263
958,2,2,8,3.4,0,METROPOLITAN,SEMI_FURNISHED,CLOSED_KITCHEN,269683
1941,4,4,6,3.8,3,SUBURB,SEMI_FURNISHED,OPEN_KITCHEN,493390
792,1,1,3,2.6,3,SUBURB,FURNISHED,OPEN_KITCHEN,227349
2014,4,4,8,4.4,3,BEACHSIDE,UNFURNISHED,OPEN_KITCHEN,921379
1136,3,2,6,4.5,2,BEACHSIDE,UNFURNISHED,OPEN_KITCHEN,673017
1233,2,2,5,4.2,2,BEACHSIDE,FURNISHED,OPEN_KITCHEN,683973
1918,4,3,1,4.1,2,UPTOWN,FURNISHED,OPEN_KITCHEN,750022
1683,3,2,8,4.2,2,DOWNTOWN,SEMI_FURNISHED,CLOSED_KITCHEN,586327
2351,5,5,0,3.5,2,DOWNTOWN,FURNISHED,OPEN_KITCHEN,847536
1329,3,2,0,3.8,3,SUBURB,SEMI_FURNISHED,CLOSED_KITCHEN,440189
1777,4,3,23,3.1,2,DOWNTOWN,SEMI_FURNISHED,CLOSED_KITCHEN,443713
877,2,1,1,3.8,3,SUBURB,FURNISHED,OPEN_KITCHEN,342892
1534,3,2,10,3.7,2,DOWNTOWN,SEMI_FURNISHED,CLOSED_KITCHEN,472713
568,1,1,10,3.2,2,SUBURB,UNFURNISHED,CLOSED_KITCHEN,124509
1520,4,4,13,2.8,4,SUBURB,UNFURNISHED,CLOSED_KITCHEN,392628
1727,4,4,7,3.4,4,SUBURB,FURNISHED,CLOSED_KITCHEN,519871
500,1,1,2,4.2,2,UPTOWN,UNFURNISHED,OPEN_KITCHEN,317967
1871,4,3,7,3.0,4,SUBURB,SEMI_FURNISHED,OPEN_KITCHEN,466482
1925,4,4,0,5.0,3,BEACHSIDE,UNFURNISHED,OPEN_KITCHEN,1133258
1732,4,3,22,4.9,3,UPTOWN,SEMI_FURNISHED,CLOSED_KITCHEN,519606
1149,2,1,15,4.5,1,UPTOWN,SEMI_FURNISHED,CLOSED_KITCHEN,373675
1002,2,1,3,4.1,0,DOWNTOWN,SEMI_FURNISHED,OPEN_KITCHEN,396007
1072,2,2,7,4.0,0,DOWNTOWN,FURNISHED,CLOSED_KITCHEN,404238
826,1,1,9,3.1,3,SUBURB,UNFURNISHED,OPEN_KITCHEN,215058
1201,2,2,5,3.6,1,DOWNTOWN,SEMI_FURNISHED,OPEN_KITCHEN,409077
2028,5,5,7,2.5,4,SUBURB,UNFURNISHED,CLOSED_KITCHEN,542391
1522,4,3,6,3.9,2,BEACHSIDE,UNFURNISHED,OPEN_KITCHEN,759657
724,1,1,2,2.9,3,SUBURB,UNFURNISHED,OPEN_KITCHEN,233854
1344,3,3,17,2.8,4,SUBURB,UNFURNISHED,CLOSED_KITCHEN,295032
1453,3,2,11,1.5,4,RURAL,UNFURNISHED,CLOSED_KITCHEN,191488
2040,4,3,2,4.4,2,BEACHSIDE,UNFURNISHED,OPEN_KITCHEN,892115
624,1,1,14,2.7,1,METROPOLITAN,UNFURNISHED,CLOSED_KITCHEN,145186
1165,2,1,16,3.4,0,DOWNTOWN,SEMI_FURNISHED,CLOSED_KITCHEN,293358
1142,2,2,4,3.9,1,METROPOLITAN,SEMI_FURNISHED,OPEN_KITCHEN,400934
883,2,1,6,3.9,2,SUBURB,SEMI_FURNISHED,OPEN_KITCHEN,283738
1459,3,3,1,3.8,1,DOWNTOWN,SEMI_FURNISHED,OPEN_KITCHEN,620389
2675,6,5,21,3.2,4,SUBURB,UNFURNISHED,CLOSED_KITCHEN,448785
791,2,2,15,4.2,2,UPTOWN,UNFURNISHED,CLOSED_KITCHEN,354091
2290,5,5,9,3.5,3,METROPOLITAN,UNFURNISHED,OPEN_KITCHEN,721643
1458,3,2,8,2.2,4,SUBURB,UNFURNISHED,OPEN_KITCHEN,351938
1289,3,3,9,5.0,3,BEACHSIDE,UNFURNISHED,OPEN_KITCHEN,702814
938,2,1,15,4.3,1,UPTOWN,UNFURNISHED,CLOSED_KITCHEN,342774
1036,1,1,15,3.2,3,SUBURB,FURNISHED,OPEN_KITCHEN,241292
2499,5,4,5,3.7,2,DOWNTOWN,UNFURNISHED,CLOSED_KITCHEN,864634
1845,4,3,1,3.6,4,SUBURB,SEMI_FURNISHED,CLOSED_KITCHEN,574646
1144,2,2,8,3.2,2,SUBURB,SEMI_FURNISHED,OPEN_KITCHEN,322155
653,1,1,5,3.6,2,UPTOWN,UNFURNISHED,CLOSED_KITCHEN,249309
2220,5,5,3,4.5,2,DOWNTOWN,FURNISHED,OPEN_KITCHEN,994969
1403,3,3,18,5.0,2,BEACHSIDE,SEMI_FURNISHED,CLOSED_KITCHEN,552148
1512,3,3,8,2.7,3,SUBURB,SEMI_FURNISHED,CLOSED_KITCHEN,403031
2655,6,6,13,3.5,5,SUBURB,FURNISHED,CLOSED_KITCHEN,618915
1357,3,3,12,2.6,4,SUBURB,UNFURNISHED,OPEN_KITCHEN,308829
1771,4,3,4,4.3,2,BEACHSIDE,FURNISHED,CLOSED_KITCHEN,874716
992,2,2,8,3.9,2,SUBURB,UNFURNISHED,OPEN_KITCHEN,273529
1421,3,3,6,4.4,2,BEACHSIDE,UNFURNISHED,OPEN_KITCHEN,718302
1136,3,2,6,4.0,3,UPTOWN,UNFURNISHED,CLOSED_KITCHEN,454878
1315,3,3,11,4.4,3,UPTOWN,SEMI_FURNISHED,OPEN_KITCHEN,536974
500,1,1,7,3.6,1,UPTOWN,SEMI_FURNISHED,CLOSED_KITCHEN,228673
1365,3,3,6,3.1,1,METROPOLITAN,SEMI_FURNISHED,OPEN_KITCHEN,433257
2279,5,5,17,4.3,3,DOWNTOWN,SEMI_FURNISHED,CLOSED_KITCHEN,632102
1421,3,2,0,3.5,4,RURAL,UNFURNISHED,OPEN_KITCHEN,308167
564,1,1,2,5.0,1,DOWNTOWN,FURNISHED,CLOSED_KITCHEN,353566
1302,2,1,5,3.3,3,SUBURB,FURNISHED,OPEN_KITCHEN,363345
1702,3,2,7,4.6,3,BEACHSIDE,SEMI_FURNISHED,OPEN_KITCHEN,838809
1618,2,1,19,3.5,3,RURAL,UNFURNISHED,CLOSED_KITCHEN,182420
1884,3,2,13,2.9,3,SUBURB,UNFURNISHED,CLOSED_KITCHEN,353466
594,1,1,9,2.9,3,SUBURB,SEMI_FURNISHED,OPEN_KITCHEN,186156
1458,4,3,2,3.9,3,SUBURB,FURNISHED,CLOSED_KITCHEN,498900
2285,5,4,3,3.4,3,DOWNTOWN,FURNISHED,CLOSED_KITCHEN,814385
741,1,1,5,2.9,0,METROPOLITAN,SEMI_FURNISHED,OPEN_KITCHEN,224692
2392,5,5,18,2.9,5,SUBURB,UNFURNISHED,OPEN_KITCHEN,528266
1107,2,1,13,4.0,3,SUBURB,FURNISHED,CLOSED_KITCHEN,276573
1905,4,3,20,3.3,4,SUBURB,UNFURNISHED,CLOSED_KITCHEN,398889
1439,3,2,4,3.7,1,DOWNTOWN,SEMI_FURNISHED,CLOSED_KITCHEN,450794
1038,2,1,6,3.2,1,METROPOLITAN,UNFURNISHED,CLOSED_KITCHEN,301818
2094,4,3,12,3.0,1,METROPOLITAN,SEMI_FURNISHED,CLOSED_KITCHEN,541217
1684,4,4,0,5.0,2,BEACHSIDE,SEMI_FURNISHED,OPEN_KITCHEN,938874
1525,4,4,17,4.4,3,BEACHSIDE,UNFURNISHED,CLOSED_KITCHEN,687092
1420,3,2,5,2.3,4,SUBURB,SEMI_FURNISHED,OPEN_KITCHEN,352001
1837,4,3,6,3.5,3,RURAL,UNFURNISHED,OPEN_KITCHEN,357089
983,2,2,5,3.8,1,UPTOWN,SEMI_FURNISHED,CLOSED_KITCHEN,424555
1249,3,3,0,4.1,1,DOWNTOWN,SEMI_FURNISHED,OPEN_KITCHEN,527306
1309,3,2,8,3.2,3,RURAL,SEMI_FURNISHED,CLOSED_KITCHEN,225213
2045,4,4,11,4.1,1,DOWNTOWN,SEMI_FURNISHED,CLOSED_KITCHEN,680677
2111,5,4,14,4.7,3,BEACHSIDE,UNFURNISHED,OPEN_KITCHEN,987375
1989,4,3,3,4.4,1,DOWNTOWN,UNFURNISHED,OPEN_KITCHEN,760287
963,2,1,4,2.8,2,SUBURB,FURNISHED,OPEN_KITCHEN,249696
1736,4,3,19,2.5,3,SUBURB,UNFURNISHED,CLOSED_KITCHEN,305626
1473,4,4,2,3.8,1,METROPOLITAN,FURNISHED,CLOSED_KITCHEN,550084
1901,4,3,7,3.9,1,DOWNTOWN,SEMI_FURNISHED,OPEN_KITCHEN,593584
500,1,1,15,1.8,3,RURAL,SEMI_FURNISHED,OPEN_KITCHEN,83487
2157,4,3,7,4.0,3,UPTOWN,UNFURNISHED,OPEN_KITCHEN,869081
1555,3,2,1,4.2,1,METROPOLITAN,FURNISHED,OPEN_KITCHEN,579098
1759,4,3,3,3.7,1,DOWNTOWN,FURNISHED,OPEN_KITCHEN,647219
1274,3,3,4,4.3,2,BEACHSIDE,FURNISHED,OPEN_KITCHEN,825749
2564,6,6,5,4.5,4,SUBURB,UNFURNISHED,OPEN_KITCHEN,801010
1241,3,3,8,3.0,4,SUBURB,SEMI_FURNISHED,CLOSED_KITCHEN,375751
868,2,1,1,2.1,2,RURAL,FURNISHED,OPEN_KITCHEN,163557
1666,3,2,7,3.2,3,SUBURB,FURNISHED,CLOSED_KITCHEN,422662
2198,4,4,6,3.9,4,SUBURB,UNFURNISHED,CLOSED_KITCHEN,559200
1624,3,2,5,5.0,2,BEACHSIDE,SEMI_FURNISHED,OPEN_KITCHEN,848422
2494,5,4,14,4.2,2,METROPOLITAN,UNFURNISHED,CLOSED_KITCHEN,675238
1153,3,3,2,3.0,1,METROPOLITAN,SEMI_FURNISHED,OPEN_KITCHEN,437727
1195,3,2,1,2.9,4,SUBURB,SEMI_FURNISHED,OPEN_KITCHEN,337453
1925,4,4,13,3.0,4,SUBURB,SEMI_FURNISHED,CLOSED_KITCHEN,420749
761,1,1,0,3.7,3,RURAL,UNFURNISHED,CLOSED_KITCHEN,160011
1443,3,3,1,3.9,1,METROPOLITAN,UNFURNISHED,CLOSED_KITCHEN,538866
1872,4,3,8,4.7,3,UPTOWN,UNFURNISHED,OPEN_KITCHEN,724124
900,1,1,3,4.5,1,UPTOWN,SEMI_FURNISHED,OPEN_KITCHEN,367553
1218,3,3,0,3.1,2,METROPOLITAN,SEMI_FURNISHED,OPEN_KITCHEN,486425
1645,4,3,0,2.5,4,SUBURB,UNFURNISHED,OPEN_KITCHEN,505562
1457,3,2,10,4.4,2,BEACHSIDE,SEMI_FURNISHED,CLOSED_KITCHEN,719555
1684,3,2,14,3.9,1,METROPOLITAN,UNFURNISHED,CLOSED_KITCHEN,458931
1522,3,2,11,3.3,1,METROPOLITAN,FURNISHED,CLOSED_KITCHEN,432075
1328,2,1,12,2.5,2,SUBURB,FURNISHED,CLOSED_KITCHEN,280128
1741,4,4,0,1.8,4,RURAL,SEMI_FURNISHED,OPEN_KITCHEN,336780
1513,2,2,11,3.6,1,METROPOLITAN,UNFURNISHED,CLOSED_KITCHEN,396057
1512,3,3,3,4.7,1,METROPOLITAN,SEMI_FURNISHED,OPEN_KITCHEN,629088
1554,4,3,0,4.1,3,RURAL,SEMI_FURNISHED,OPEN_KITCHEN,315794
1245,2,2,0,4.3,2,UPTOWN,UNFURNISHED,CLOSED_KITCHEN,463161
754,2,2,13,3.9,3,SUBURB,SEMI_FURNISHED,CLOSED_KITCHEN,240291
1811,4,4,1,3.7,3,RURAL,FURNISHED,CLOSED_KITCHEN,350966
1438,3,3,12,3.0,3,SUBURB,FURNISHED,OPEN_KITCHEN,390900
1176,3,2,1,3.5,3,SUBURB,SEMI_FURNISHED,OPEN_KITCHEN,415023
1801,4,3,8,3.0,1,METROPOLITAN,SEMI_FURNISHED,OPEN_KITCHEN,575746
1606,4,3,4,3.3,4,SUBURB,FURNISHED,OPEN_KITCHEN,552867
1234,2,2,2,4.3,0,DOWNTOWN,UNFURNISHED,CLOSED_KITCHEN,380334
1877,4,3,10,3.3,2,METROPOLITAN,UNFURNISHED,OPEN_KITCHEN,586790
2064,5,4,6,3.7,5,SUBURB,FURNISHED,OPEN_KITCHEN,553587
1276,2,1,15,4.1,3,SUBURB,FURNISHED,CLOSED_KITCHEN,312314
2042,4,3,1,3.2,4,SUBURB,UNFURNISHED,CLOSED_KITCHEN,497032
1526,3,3,1,4.1,2,UPTOWN,FURNISHED,OPEN_KITCHEN,660797
1565,3,2,4,3.3,4,RURAL,SEMI_FURNISHED,OPEN_KITCHEN,324351
1864,4,3,12,5.0,3,BEACHSIDE,SEMI_FURNISHED,OPEN_KITCHEN,796830
500,1,1,5,3.2,3,SUBURB,UNFURNISHED,OPEN_KITCHEN,181003
509,1,1,24,5.0,2,UPTOWN,SEMI_FURNISHED,CLOSED_KITCHEN,205070
1436,3,2,16,3.0,2,METROPOLITAN,FURNISHED,CLOSED_KITCHEN,434314
1689,3,3,9,3.7,3,BEACHSIDE,UNFURNISHED,OPEN_KITCHEN,749131
1656,3,2,9,5.0,3,BEACHSIDE,UNFURNISHED,OPEN_KITCHEN,741482
2479,6,5,1,3.6,3,DOWNTOWN,SEMI_FURNISHED,OPEN_KITCHEN,970356
1115,2,1,2,4.7,2,BEACHSIDE,FURNISHED,OPEN_KITCHEN,709893
2083,4,4,0,2.3,4,RURAL,UNFURNISHED,CLOSED_KITCHEN,396874
1005,2,1,3,2.5,2,SUBURB,UNFURNISHED,OPEN_KITCHEN,254146
1866,4,4,6,2.2,3,SUBURB,FURNISHED,CLOSED_KITCHEN,459369
1795,4,3,13,3.2,3,SUBURB,UNFURNISHED,CLOSED_KITCHEN,350176
2010,4,3,11,3.9,1,METROPOLITAN,UNFURNISHED,CLOSED_KITCHEN,488045
1291,3,3,1,3.7,3,UPTOWN,UNFURNISHED,OPEN_KITCHEN,589705
1543,3,3,2,4.7,2,BEACHSIDE,SEMI_FURNISHED,OPEN_KITCHEN,937836
1173,2,1,6,3.1,3,SUBURB,FURNISHED,OPEN_KITCHEN,337971
1698,4,4,18,3.9,2,METROPOLITAN,SEMI_FURNISHED,CLOSED_KITCHEN,490321
1635,4,3,15,4.5,3,BEACHSIDE,UNFURNISHED,CLOSED_KITCHEN,640793
2356,5,4,11,3.3,2,METROPOLITAN,UNFURNISHED,OPEN_KITCHEN,602783
608,1,1,14,3.9,1,DOWNTOWN,SEMI_FURNISHED,CLOSED_KITCHEN,235059
861,2,1,4,3.5,2,BEACHSIDE,UNFURNISHED,CLOSED_KITCHEN,404598
615,1,1,4,3.9,2,UPTOWN,SEMI_FURNISHED,OPEN_KITCHEN,354359
2124,4,4,1,2.3,4,RURAL,UNFURNISHED,CLOSED_KITCHEN,326886
2188,5,5,7,3.3,5,RURAL,FURNISHED,OPEN_KITCHEN,397588
1255,3,2,5,2.9,3,RURAL,UNFURNISHED,OPEN_KITCHEN,235228
1163,3,2,10,3.8,2,UPTOWN,SEMI_FURNISHED,CLOSED_KITCHEN,446982
1099,2,1,5,4.6,1,UPTOWN,FURNISHED,OPEN_KITCHEN,477974
970,2,1,3,1.7,3,SUBURB,UNFURNISHED,CLOSED_KITCHEN,196025
1322,3,3,0,4.1,4,SUBURB,UNFURNISHED,OPEN_KITCHEN,467278
1937,5,4,8,3.1,3,METROPOLITAN,SEMI_FURNISHED,CLOSED_KITCHEN,607189
931,2,2,14,2.9,2,RURAL,UNFURNISHED,CLOSED_KITCHEN,147701
2336,5,5,11,2.9,3,METROPOLITAN,FURNISHED,CLOSED_KITCHEN,689054
1208,2,1,2,3.0,3,RURAL,FURNISHED,OPEN_KITCHEN,229138
1118,3,3,13,3.3,4,SUBURB,UNFURNISHED,CLOSED_KITCHEN,322461
1308,2,2,2,4.6,1,UPTOWN,UNFURNISHED,CLOSED_KITCHEN,565844
659,1,1,5,4.2,0,DOWNTOWN,UNFURNISHED,CLOSED_KITCHEN,258145
669,2,1,11,4.3,1,DOWNTOWN,FURNISHED,CLOSED_KITCHEN,316604
1542,3,2,3,2.9,4,RURAL,SEMI_FURNISHED,CLOSED_KITCHEN,311624
2268,4,4,4,2.8,4,SUBURB,FURNISHED,OPEN_KITCHEN,622439
1067,2,2,8,3.4,0,DOWNTOWN,SEMI_FURNISHED,OPEN_KITCHEN,391359
1024,3,2,3,3.8,4,SUBURB,SEMI_FURNISHED,OPEN_KITCHEN,392944
729,1,1,2,4.5,1,BEACHSIDE,SEMI_FURNISHED,CLOSED_KITCHEN,403817
1875,4,4,3,3.4,4,SUBURB,UNFURNISHED,CLOSED_KITCHEN,463535
2381,5,4,2,3.7,3,METROPOLITAN,UNFURNISHED,CLOSED_KITCHEN,861305
1818,3,3,15,3.9,3,UPTOWN,UNFURNISHED,CLOSED_KITCHEN,603600
2381,5,5,7,3.4,3,METROPOLITAN,FURNISHED,OPEN_KITCHEN,905455
1332,2,1,6,3.5,2,RURAL,UNFURNISHED,OPEN_KITCHEN,238094
1377,3,2,2,2.1,3,RURAL,FURNISHED,OPEN_KITCHEN,271243
1437,3,3,3,2.7,4,SUBURB,FURNISHED,OPEN_KITCHEN,422153
500,1,1,12,3.9,1,METROPOLITAN,SEMI_FURNISHED,CLOSED_KITCHEN,177803
1404,3,3,8,3.5,4,SUBURB,UNFURNISHED,OPEN_KITCHEN,352992
1489,3,2,15,2.8,4,SUBURB,SEMI_FURNISHED,OPEN_KITCHEN,320004
1318,3,2,9,3.1,4,SUBURB,SEMI_FURNISHED,OPEN_KITCHEN,381945
2236,5,5,16,3.3,5,SUBURB,SEMI_FURNISHED,CLOSED_KITCHEN,510001
502,1,1,6,5.0,2,UPTOWN,UNFURNISHED,OPEN_KITCHEN,300146
505,1,1,11,4.2,1,BEACHSIDE,SEMI_FURNISHED,OPEN_KITCHEN,336551
1350,3,3,16,4.3,3,BEACHSIDE,UNFURNISHED,CLOSED_KITCHEN,621993
1154,3,2,8,3.4,3,RURAL,UNFURNISHED,CLOSED_KITCHEN,221395
1897,4,3,15,4.4,3,UPTOWN,SEMI_FURNISHED,CLOSED_KITCHEN,592125
1478,3,2,11,2.7,4,RURAL,SEMI_FURNISHED,CLOSED_KITCHEN,259121
1702,4,3,11,3.2,2,DOWNTOWN,FURNISHED,OPEN_KITCHEN,529576
1101,2,1,0,3.1,0,DOWNTOWN,SEMI_FURNISHED,CLOSED_KITCHEN,356706
1353,3,2,3,2.1,3,SUBURB,FURNISHED,OPEN_KITCHEN,402139
745,1,1,11,3.5,2,UPTOWN,UNFURNISHED,CLOSED_KITCHEN,245530
2353,5,5,4,4.0,5,SUBURB,UNFURNISHED,OPEN_KITCHEN,625109
1674,3,2,12,3.5,4,SUBURB,SEMI_FURNISHED,CLOSED_KITCHEN,372268
1116,2,2,7,4.2,2,UPTOWN,UNFURNISHED,CLOSED_KITCHEN,414792
1820,4,4,1,3.5,4,SUBURB,UNFURNISHED,OPEN_KITCHEN,524618
1102,2,1,12,3.5,1,DOWNTOWN,UNFURNISHED,OPEN_KITCHEN,291957
1138,3,3,10,3.1,4,SUBURB,FURNISHED,CLOSED_KITCHEN,346332
1809,4,4,0,4.5,3,BEACHSIDE,SEMI_FURNISHED,OPEN_KITCHEN,1150869
2124,3,2,7,3.8,3,BEACHSIDE,UNFURNISHED,OPEN_KITCHEN,864996
1234,3,2,14,3.0,3,SUBURB,FURNISHED,OPEN_KITCHEN,289558
1612,3,2,3,3.2,3,RURAL,SEMI_FURNISHED,OPEN_KITCHEN,329782
500,1,1,3,4.7,2,SUBURB,FURNISHED,OPEN_KITCHEN,252127
1020,2,2,2,3.8,2,SUBURB,UNFURNISHED,CLOSED_KITCHEN,270402
500,1,1,7,3.7,0,DOWNTOWN,UNFURNISHED,OPEN_KITCHEN,187882
1093,3,3,9,4.5,1,DOWNTOWN,UNFURNISHED,OPEN_KITCHEN,412085
2457,6,6,17,3.0,5,SUBURB,SEMI_FURNISHED,CLOSED_KITCHEN,556233
1130,2,1,5,3.4,0,METROPOLITAN,UNFURNISHED,CLOSED_KITCHEN,319659
2275,5,4,10,4.1,3,BEACHSIDE,UNFURNISHED,OPEN_KITCHEN,999197
1788,3,3,12,3.9,2,DOWNTOWN,UNFURNISHED,CLOSED_KITCHEN,555092
1087,3,3,4,4.9,3,BEACHSIDE,SEMI_FURNISHED,OPEN_KITCHEN,648295
1623,3,2,1,3.3,1,METROPOLITAN,UNFURNISHED,CLOSED_KITCHEN,531071
2132,5,5,9,3.7,5,SUBURB,UNFURNISHED,OPEN_KITCHEN,511127
2089,5,4,13,2.7,5,SUBURB,SEMI_FURNISHED,CLOSED_KITCHEN,468228
1741,3,2,11,4.2,2,METROPOLITAN,UNFURNISHED,OPEN_KITCHEN,474808
2262,5,4,2,2.6,4,SUBURB,SEMI_FURNISHED,OPEN_KITCHEN,637353
1354,3,3,7,4.6,2,UPTOWN,UNFURNISHED,OPEN_KITCHEN,630490
1342,4,4,13,3.3,4,RURAL,SEMI_FURNISHED,OPEN_KITCHEN,289563
1557,3,2,9,3.2,3,SUBURB,SEMI_FURNISHED,CLOSED_KITCHEN,378721
746,2,1,1,3.6,1,DOWNTOWN,UNFURNISHED,OPEN_KITCHEN,317418
1467,3,2,0,3.4,2,METROPOLITAN,UNFURNISHED,CLOSED_KITCHEN,482355
1165,3,3,18,2.9,4,SUBURB,UNFURNISHED,OPEN_KITCHEN,312152
1151,2,2,0,3.2,1,METROPOLITAN,FURNISHED,OPEN_KITCHEN,432758
673,2,2,5,5.0,1,BEACHSIDE,FURNISHED,OPEN_KITCHEN,480838
1485,4,4,9,4.3,4,SUBURB,SEMI_FURNISHED,OPEN_KITCHEN,496366
1804,4,3,12,4.6,3,SUBURB,UNFURNISHED,CLOSED_KITCHEN,444927
1484,3,3,22,3.1,4,SUBURB,UNFURNISHED,OPEN_KITCHEN,261245
1435,3,2,4,2.3,4,SUBURB,UNFURNISHED,CLOSED_KITCHEN,369362
1418,3,3,3,3.8,1,METROPOLITAN,FURNISHED,OPEN_KITCHEN,593862
1144,2,2,5,4.0,1,DOWNTOWN,SEMI_FURNISHED,OPEN_KITCHEN,486607
1030,2,2,16,3.0,0,DOWNTOWN,SEMI_FURNISHED,CLOSED_KITCHEN,257643
1123,2,2,6,3.9,2,BEACHSIDE,FURNISHED,CLOSED_KITCHEN,624812
1932,4,3,3,2.8,2,METROPOLITAN,FURNISHED,OPEN_KITCHEN,700866
723,1,1,8,3.3,3,SUBURB,UNFURNISHED,CLOSED_KITCHEN,162562
883,2,1,5,2.8,1,METROPOLITAN,FURNISHED,OPEN_KITCHEN,345404
1372,3,3,16,4.2,3,SUBURB,FURNISHED,CLOSED_KITCHEN,332274
838,2,1,13,3.9,0,METROPOLITAN,SEMI_FURNISHED,CLOSED_KITCHEN,221077
1579,3,3,15,3.3,3,RURAL,FURNISHED,CLOSED_KITCHEN,280085
1864,4,3,9,4.3,1,DOWNTOWN,FURNISHED,OPEN_KITCHEN,630646
964,2,2,23,4.7,1,BEACHSIDE,UNFURNISHED,CLOSED_KITCHEN,316406
2167,4,4,7,4.4,2,METROPOLITAN,UNFURNISHED,OPEN_KITCHEN,763857
1568,4,4,1,3.5,2,METROPOLITAN,UNFURNISHED,CLOSED_KITCHEN,573128
688,1,1,4,3.4,2,SUBURB,UNFURNISHED,CLOSED_KITCHEN,166976
1133,2,1,26,2.8,3,SUBURB,UNFURNISHED,CLOSED_KITCHEN,187469
1656,4,3,1,2.7,4,SUBURB,UNFURNISHED,OPEN_KITCHEN,488335
571,1,1,15,4.2,1,BEACHSIDE,FURNISHED,CLOSED_KITCHEN,302561
1235,3,2,5,3.2,3,UPTOWN,FURNISHED,OPEN_KITCHEN,595485
1384,3,3,2,3.3,2,METROPOLITAN,UNFURNISHED,CLOSED_KITCHEN,488164
879,2,1,1,2.7,3,SUBURB,SEMI_FURNISHED,OPEN_KITCHEN,265315
500,1,1,0,5.0,1,UPTOWN,SEMI_FURNISHED,OPEN_KITCHEN,330876
1422,3,3,24,2.6,4,SUBURB,SEMI_FURNISHED,CLOSED_KITCHEN,281789
1266,4,3,12,2.8,4,RURAL,FURNISHED,CLOSED_KITCHEN,275869
699,1,1,4,3.1,2,SUBURB,FURNISHED,CLOSED_KITCHEN,208062
1882,5,5,1,4.8,3,UPTOWN,FURNISHED,OPEN_KITCHEN,1036141
2604,6,6,16,2.6,5,SUBURB,SEMI_FURNISHED,OPEN_KITCHEN,569206
1490,3,3,20,3.2,2,DOWNTOWN,FURNISHED,CLOSED_KITCHEN,398432
500,1,1,0,3.9,2,SUBURB,SEMI_FURNISHED,OPEN_KITCHEN,219543
1814,4,3,7,4.2,2,METROPOLITAN,SEMI_FURNISHED,OPEN_KITCHEN,586378
764,1,1,2,3.3,2,SUBURB,FURNISHED,OPEN_KITCHEN,236735
2027,4,3,3,3.3,3,SUBURB,UNFURNISHED,CLOSED_KITCHEN,512933
1749,3,3,6,3.8,1,DOWNTOWN,SEMI_FURNISHED,CLOSED_KITCHEN,556859
1885,4,4,8,3.5,1,METROPOLITAN,SEMI_FURNISHED,OPEN_KITCHEN,550717
1089,2,2,0,3.9,2,SUBURB,UNFURNISHED,CLOSED_KITCHEN,332627
1382,3,2,1,5.0,2,UPTOWN,FURNISHED,OPEN_KITCHEN,635868
917,2,1,15,3.2,1,METROPOLITAN,FURNISHED,OPEN_KITCHEN,291259
1259,3,2,12,3.2,1,METROPOLITAN,UNFURNISHED,CLOSED_KITCHEN,366545
1441,3,2,0,2.8,4,RURAL,SEMI_FURNISHED,CLOSED_KITCHEN,273827
1231,3,3,20,3.8,4,SUBURB,UNFURNISHED,CLOSED_KITCHEN,313235
2006,4,3,14,3.2,4,SUBURB,FURNISHED,OPEN_KITCHEN,424130
500,1,1,1,4.3,0,METROPOLITAN,FURNISHED,OPEN_KITCHEN,247518
500,1,1,0,3.2,1,METROPOLITAN,UNFURNISHED,OPEN_KITCHEN,197456
1366,3,3,0,5.0,2,BEACHSIDE,UNFURNISHED,OPEN_KITCHEN,735694
1119,2,1,6,2.9,0,METROPOLITAN,SEMI_FURNISHED,CLOSED_KITCHEN,277208
500,1,1,12,3.2,3,SUBURB,UNFURNISHED,OPEN_KITCHEN,152861
931,1,1,10,3.1,3,SUBURB,UNFURNISHED,OPEN_KITCHEN,221885
530,2,1,2,3.5,0,METROPOLITAN,UNFURNISHED,CLOSED_KITCHEN,211151
2328,5,4,4,3.9,3,METROPOLITAN,FURNISHED,CLOSED_KITCHEN,831541
906,2,1,10,4.5,2,UPTOWN,SEMI_FURNISHED,OPEN_KITCHEN,389704
699,1,1,5,3.1,1,DOWNTOWN,FURNISHED,OPEN_KITCHEN,310008
1481,4,3,1,2.1,4,RURAL,SEMI_FURNISHED,OPEN_KITCHEN,301507
1473,3,2,7,4.4,3,UPTOWN,UNFURNISHED,OPEN_KITCHEN,618269
829,1,1,0,4.0,2,BEACHSIDE,FURNISHED,OPEN_KITCHEN,491526
1064,3,3,2,2.5,3,SUBURB,FURNISHED,OPEN_KITCHEN,361885
1711,4,4,6,3.6,2,METROPOLITAN,FURNISHED,OPEN_KITCHEN,610386
500,1,1,7,2.6,1,METROPOLITAN,SEMI_FURNISHED,OPEN_KITCHEN,187940
2040,5,4,9,4.3,3,UPTOWN,UNFURNISHED,OPEN_KITCHEN,811803
661,2,1,3,3.2,1,METROPOLITAN,SEMI_FURNISHED,CLOSED_KITCHEN,235953
500,1,1,0,3.3,3,SUBURB,UNFURNISHED,OPEN_KITCHEN,204672
1374,2,2,1,3.5,1,UPTOWN,UNFURNISHED,OPEN_KITCHEN,543425
1735,4,3,19,4.5,1,DOWNTOWN,FURNISHED,OPEN_KITCHEN,525647
773,2,1,22,3.6,2,SUBURB,FURNISHED,OPEN_KITCHEN,207601
1547,3,3,0,3.7,2,BEACHSIDE,SEMI_FURNISHED,CLOSED_KITCHEN,762743
1451,2,2,9,3.9,1,UPTOWN,FURNISHED,OPEN_KITCHEN,509266
1179,3,2,8,2.3,4,RURAL,SEMI_FURNISHED,OPEN_KITCHEN,228074
1897,4,4,27,3.4,1,DOWNTOWN,SEMI_FURNISHED,CLOSED_KITCHEN,379755
845,2,1,1,3.3,0,METROPOLITAN,UNFURNISHED,OPEN_KITCHEN,288005
1484,4,3,1,3.9,2,BEACHSIDE,UNFURNISHED,OPEN_KITCHEN,781129
966,2,2,2,3.1,3,SUBURB,UNFURNISHED,OPEN_KITCHEN,290600
1606,3,3,4,4.4,3,BEACHSIDE,UNFURNISHED,OPEN_KITCHEN,810500
972,2,2,19,3.9,1,BEACHSIDE,UNFURNISHED,OPEN_KITCHEN,413987
893,2,2,6,4.3,2,SUBURB,SEMI_FURNISHED,CLOSED_KITCHEN,280673
1973,4,3,17,4.7,2,METROPOLITAN,UNFURNISHED,OPEN_KITCHEN,575228
1041,2,2,7,3.7,3,SUBURB,SEMI_FURNISHED,OPEN_KITCHEN,277387
1848,4,3,12,2.9,3,SUBURB,SEMI_FURNISHED,OPEN_KITCHEN,446718
1280,3,2,9,5.0,2,BEACHSIDE,UNFURNISHED,CLOSED_KITCHEN,564749
587,1,1,1,3.9,1,UPTOWN,SEMI_FURNISHED,OPEN_KITCHEN,323065
1147,3,3,3,3.5,4,SUBURB,UNFURNISHED,CLOSED_KITCHEN,351830
1190,2,2,8,3.7,3,SUBURB,SEMI_FURNISHED,OPEN_KITCHEN,327347
1272,3,2,1,3.5,2,METROPOLITAN,FURNISHED,CLOSED_KITCHEN,544163
1891,4,3,8,4.7,2,BEACHSIDE,UNFURNISHED,CLOSED_KITCHEN,801578
1190,2,2,1,4.1,1,UPTOWN,SEMI_FURNISHED,OPEN_KITCHEN,492532
2674,5,4,1,4.7,4,UPTOWN,UNFURNISHED,OPEN_KITCHEN,1145711
1123,3,2,9,3.6,3,SUBURB,SEMI_FURNISHED,OPEN_KITCHEN,320423
1051,2,2,20,4.4,2,UPTOWN,SEMI_FURNISHED,OPEN_KITCHEN,390330
1116,2,2,23,4.9,2,UPTOWN,UNFURNISHED,OPEN_KITCHEN,366225
930,2,1,9,4.0,2,SUBURB,SEMI_FURNISHED,OPEN_KITCHEN,291176
1304,3,3,1,3.6,1,DOWNTOWN,UNFURNISHED,CLOSED_KITCHEN,481404
1042,2,1,8,4.0,0,DOWNTOWN,FURNISHED,OPEN_KITCHEN,358978
1758,4,4,7,5.0,2,BEACHSIDE,UNFURNISHED,OPEN_KITCHEN,797646
1939,4,3,5,3.7,3,UPTOWN,FURNISHED,OPEN_KITCHEN,847476
1521,4,4,8,4.0,2,METROPOLITAN,SEMI_FURNISHED,OPEN_KITCHEN,557151
1755,4,3,1,4.5,1,METROPOLITAN,UNFURNISHED,OPEN_KITCHEN,702558
2175,5,4,2,2.5,4,RURAL,FURNISHED,OPEN_KITCHEN,386543
1072,3,3,8,3.1,1,DOWNTOWN,FURNISHED,OPEN_KITCHEN,451546
862,3,2,5,3.9,2,BEACHSIDE,FURNISHED,OPEN_KITCHEN,564847
1061,3,3,1,3.2,1,DOWNTOWN,UNFURNISHED,CLOSED_KITCHEN,451097
1092,2,1,11,3.5,1,METROPOLITAN,UNFURNISHED,CLOSED_KITCHEN,282985
1713,4,3,11,4.5,2,UPTOWN,UNFURNISHED,CLOSED_KITCHEN,611369
811,2,2,0,3.5,2,SUBURB,SEMI_FURNISHED,OPEN_KITCHEN,316103
1477,3,3,9,3.7,3,SUBURB,SEMI_FURNISHED,OPEN_KITCHEN,421229
630,2,1,6,2.6,3,SUBURB,UNFURNISHED,OPEN_KITCHEN,219776
1972,4,3,9,4.3,2,METROPOLITAN,FURNISHED,OPEN_KITCHEN,692887
2217,4,3,1,4.3,3,RURAL,UNFURNISHED,CLOSED_KITCHEN,396434
2145,5,5,3,2.4,5,RURAL,UNFURNISHED,CLOSED_KITCHEN,433103
724,2,1,6,2.9,0,METROPOLITAN,UNFURNISHED,OPEN_KITCHEN,236764
2256,5,5,16,4.7,4,BEACHSIDE,UNFURNISHED,CLOSED_KITCHEN,989456
1400,2,1,5,2.8,3,SUBURB,FURNISHED,CLOSED_KITCHEN,357763
1620,4,3,5,3.2,3,SUBURB,UNFURNISHED,OPEN_KITCHEN,485290
1924,4,4,4,3.2,3,SUBURB,FURNISHED,OPEN_KITCHEN,594246
2384,5,4,5,3.5,5,SUBURB,SEMI_FURNISHED,OPEN_KITCHEN,637267
1782,4,4,8,3.3,4,SUBURB,UNFURNISHED,OPEN_KITCHEN,512464
933,2,1,9,2.9,2,SUBURB,SEMI_FURNISHED,OPEN_KITCHEN,235498
1462,3,3,10,3.6,3,SUBURB,SEMI_FURNISHED,OPEN_KITCHEN,397234
1230,2,2,0,4.3,1,UPTOWN,SEMI_FURNISHED,OPEN_KITCHEN,513925
500,1,1,5,1.9,2,SUBURB,FURNISHED,OPEN_KITCHEN,173118
825,1,1,2,4.2,1,UPTOWN,SEMI_FURNISHED,OPEN_KITCHEN,354333
1694,3,2,0,3.1,3,SUBURB,UNFURNISHED,CLOSED_KITCHEN,459781
623,1,1,0,2.9,3,SUBURB,UNFURNISHED,OPEN_KITCHEN,194032
1492,3,2,7,4.1,1,METROPOLITAN,UNFURNISHED,CLOSED_KITCHEN,416690
1508,3,2,2,3.9,3,UPTOWN,SEMI_FURNISHED,OPEN_KITCHEN,576831
2059,4,3,3,3.3,3,SUBURB,SEMI_FURNISHED,OPEN_KITCHEN,567164
1764,4,4,19,3.9,2,METROPOLITAN,UNFURNISHED,CLOSED_KITCHEN,486812
539,1,1,8,3.6,2,UPTOWN,UNFURNISHED,CLOSED_KITCHEN,251398
569,1,1,14,4.1,2,SUBURB,UNFURNISHED,OPEN_KITCHEN,148614
1314,3,3,1,3.8,3,RURAL,UNFURNISHED,CLOSED_KITCHEN,288667
1261,3,3,12,3.0,4,SUBURB,UNFURNISHED,CLOSED_KITCHEN,318559
1304,3,2,2,3.9,2,DOWNTOWN,UNFURNISHED,OPEN_KITCHEN,475881
1211,2,2,1,3.7,2,SUBURB,SEMI_FURNISHED,CLOSED_KITCHEN,331871
1436,3,3,10,3.6,3,SUBURB,UNFURNISHED,CLOSED_KITCHEN,309695
1975,4,3,1,4.6,2,BEACHSIDE,FURNISHED,CLOSED_KITCHEN,1061347
842,2,2,1,3.2,1,UPTOWN,SEMI_FURNISHED,OPEN_KITCHEN,414254
1765,3,2,5,4.6,2,BEACHSIDE,UNFURNISHED,OPEN_KITCHEN,802123
2165,5,5,2,3.8,4,SUBURB,SEMI_FURNISHED,CLOSED_KITCHEN,646176
1357,3,2,22,3.1,4,SUBURB,SEMI_FURNISHED,OPEN_KITCHEN,270367
1605,4,3,0,2.8,4,SUBURB,SEMI_FURNISHED,OPEN_KITCHEN,465756
1828,4,3,6,4.9,3,UPTOWN,FURNISHED,CLOSED_KITCHEN,823874
662,1,1,16,4.0,0,DOWNTOWN,FURNISHED,CLOSED_KITCHEN,224801
1066,2,2,4,3.6,0,METROPOLITAN,SEMI_FURNISHED,CLOSED_KITCHEN,360155
1402,3,2,17,4.2,2,UPTOWN,FURNISHED,CLOSED_KITCHEN,527781
1154,3,2,6,3.7,2,UPTOWN,UNFURNISHED,OPEN_KITCHEN,520604
1009,2,1,4,2.9,3,RURAL,SEMI_FURNISHED,OPEN_KITCHEN,212753
923,1,1,5,4.6,0,DOWNTOWN,SEMI_FURNISHED,OPEN_KITCHEN,318876
905,2,2,0,5.0,2,UPTOWN,SEMI_FURNISHED,OPEN_KITCHEN,465616
1312,3,3,10,3.1,3,RURAL,UNFURNISHED,OPEN_KITCHEN,232831
1322,4,3,20,3.3,1,DOWNTOWN,SEMI_FURNISHED,CLOSED_KITCHEN,411438
1653,4,4,9,3.7,4,SUBURB,SEMI_FURNISHED,OPEN_KITCHEN,519156
1047,2,1,2,3.4,2,RURAL,SEMI_FURNISHED,OPEN_KITCHEN,184668
1540,4,4,2,4.4,2,BEACHSIDE,FURNISHED,OPEN_KITCHEN,969423
1817,4,4,14,5.0,3,UPTOWN,SEMI_FURNISHED,CLOSED_KITCHEN,642133
1490,3,2,17,4.4,1,METROPOLITAN,UNFURNISHED,OPEN_KITCHEN,417113
677,1,1,15,2.7,0,METROPOLITAN,UNFURNISHED,OPEN_KITCHEN,173240
1040,2,1,11,2.8,1,METROPOLITAN,UNFURNISHED,CLOSED_KITCHEN,259859
2562,5,5,8,3.1,3,METROPOLITAN,FURNISHED,OPEN_KITCHEN,731749
2065,4,4,27,3.4,2,METROPOLITAN,SEMI_FURNISHED,CLOSED_KITCHEN,455218
1170,2,1,10,2.6,2,SUBURB,FURNISHED,OPEN_KITCHEN,242245
2074,5,5,2,4.9,3,BEACHSIDE,FURNISHED,OPEN_KITCHEN,1177823
1286,2,2,20,2.7,3,RURAL,SEMI_FURNISHED,OPEN_KITCHEN,181649
1233,3,3,5,3.6,3,SUBURB,FURNISHED,OPEN_KITCHEN,423274
1598,3,2,9,2.8,3,RURAL,SEMI_FURNISHED,OPEN_KITCHEN,231556
2511,5,5,11,3.2,3,METROPOLITAN,UNFURNISHED,CLOSED_KITCHEN,735542
1803,3,2,3,3.7,3,SUBURB,SEMI_FURNISHED,OPEN_KITCHEN,517374
1759,4,4,0,3.6,2,METROPOLITAN,UNFURNISHED,CLOSED_KITCHEN,598753
1833,4,4,9,3.6,1,DOWNTOWN,SEMI_FURNISHED,OPEN_KITCHEN,626743
950,1,1,18,3.2,3,SUBURB,UNFURNISHED,CLOSED_KITCHEN,165728
1251,3,3,19,3.9,3,UPTOWN,FURNISHED,CLOSED_KITCHEN,471896
1698,4,4,13,4.0,2,UPTOWN,UNFURNISHED,CLOSED_KITCHEN,558278
1333,3,2,2,3.8,2,BEACHSIDE,FURNISHED,OPEN_KITCHEN,789173
910,2,2,6,3.2,1,METROPOLITAN,UNFURNISHED,OPEN_KITCHEN,305874
1770,4,3,0,4.3,3,UPTOWN,FURNISHED,CLOSED_KITCHEN,826723
2339,5,4,12,3.0,3,METROPOLITAN,FURNISHED,CLOSED_KITCHEN,762890
1186,2,2,5,2.2,2,RURAL,UNFURNISHED,CLOSED_KITCHEN,198521
1583,3,2,7,3.4,3,SUBURB,SEMI_FURNISHED,OPEN_KITCHEN,425118
500,1,1,5,4.1,3,SUBURB,UNFURNISHED,OPEN_KITCHEN,225009
1473,3,3,11,4.6,1,DOWNTOWN,UNFURNISHED,CLOSED_KITCHEN,527715
1682,4,3,17,3.0,4,SUBURB,SEMI_FURNISHED,CLOSED_KITCHEN,330019
1648,3,3,5,4.0,4,SUBURB,SEMI_FURNISHED,OPEN_KITCHEN,513086
738,2,1,4,5.0,2,BEACHSIDE,SEMI_FURNISHED,OPEN_KITCHEN,472787
1718,4,3,2,4.4,1,METROPOLITAN,SEMI_FURNISHED,OPEN_KITCHEN,633260
650,2,1,3,2.4,1,METROPOLITAN,UNFURNISHED,OPEN_KITCHEN,203231
1338,3,3,19,4.0,2,METROPOLITAN,UNFURNISHED,OPEN_KITCHEN,348708
880,2,2,12,2.3,3,SUBURB,SEMI_FURNISHED,CLOSED_KITCHEN,231284
1585,3,2,5,2.9,1,METROPOLITAN,FURNISHED,CLOSED_KITCHEN,467118
1905,4,3,20,3.9,2,METROPOLITAN,UNFURNISHED,CLOSED_KITCHEN,417998
1728,4,3,9,4.4,1,DOWNTOWN,SEMI_FURNISHED,OPEN_KITCHEN,606101
1073,2,2,12,3.1,3,SUBURB,SEMI_FURNISHED,CLOSED_KITCHEN,268569
959,2,2,19,3.5,1,DOWNTOWN,SEMI_FURNISHED,CLOSED_KITCHEN,283017
1042,2,2,13,3.6,2,SUBURB,UNFURNISHED,OPEN_KITCHEN,262608
1503,3,2,15,4.0,2,METROPOLITAN,SEMI_FURNISHED,CLOSED_KITCHEN,452178
2021,4,4,2,3.1,4,SUBURB,UNFURNISHED,CLOSED_KITCHEN,477515
2074,5,5,23,4.0,2,METROPOLITAN,UNFURNISHED,CLOSED_KITCHEN,450911
822,2,2,1,3.5,0,METROPOLITAN,UNFURNISHED,OPEN_KITCHEN,317673
1487,3,2,2,3.8,4,SUBURB,FURNISHED,OPEN_KITCHEN,517662
950,2,2,18,4.5,1,METROPOLITAN,UNFURNISHED,OPEN_KITCHEN,331695
2120,4,4,16,3.5,1,DOWNTOWN,SEMI_FURNISHED,CLOSED_KITCHEN,538732
1096,3,2,8,3.7,4,SUBURB,UNFURNISHED,OPEN_KITCHEN,298143
511,2,1,6,4.6,1,DOWNTOWN,UNFURNISHED,OPEN_KITCHEN,324950
1242,3,3,5,2.5,1,METROPOLITAN,UNFURNISHED,CLOSED_KITCHEN,402750
2066,5,5,7,4.7,4,SUBURB,SEMI_FURNISHED,OPEN_KITCHEN,632712
1739,3,3,7,3.6,4,SUBURB,SEMI_FURNISHED,OPEN_KITCHEN,459711
1577,4,4,7,3.5,3,RURAL,FURNISHED,CLOSED_KITCHEN,358186
652,1,1,13,3.8,0,METROPOLITAN,FURNISHED,OPEN_KITCHEN,261023
1633,4,3,2,3.4,2,METROPOLITAN,FURNISHED,OPEN_KITCHEN,580352
2174,5,5,0,4.1,5,SUBURB,SEMI_FURNISHED,OPEN_KITCHEN,677847
907,1,1,0,3.7,1,METROPOLITAN,UNFURNISHED,OPEN_KITCHEN,304619
1340,3,2,7,3.7,2,DOWNTOWN,FURNISHED,CLOSED_KITCHEN,533663
1312,2,2,6,3.4,2,SUBURB,UNFURNISHED,CLOSED_KITCHEN,308481
1360,3,3,4,4.4,2,BEACHSIDE,FURNISHED,OPEN_KITCHEN,719768
1623,3,3,4,3.3,3,SUBURB,UNFURNISHED,OPEN_KITCHEN,439005
1879,4,3,17,2.8,3,RURAL,SEMI_FURNISHED,CLOSED_KITCHEN,231882
897,2,2,13,2.7,0,METROPOLITAN,SEMI_FURNISHED,CLOSED_KITCHEN,224903
1498,4,4,12,3.3,4,SUBURB,UNFURNISHED,CLOSED_KITCHEN,412792
1471,4,4,1,3.0,3,SUBURB,SEMI_FURNISHED,OPEN_KITCHEN,518950
587,1,1,1,3.5,1,METROPOLITAN,UNFURNISHED,OPEN_KITCHEN,226505
1358,2,2,2,2.9,1,METROPOLITAN,UNFURNISHED,OPEN_KITCHEN,456956
500,1,1,8,5.0,1,BEACHSIDE,UNFURNISHED,CLOSED_KITCHEN,284117
1174,3,3,9,3.1,4,SUBURB,SEMI_FURNISHED,CLOSED_KITCHEN,307926
1230,3,3,5,4.4,3,SUBURB,SEMI_FURNISHED,CLOSED_KITCHEN,434188
1692,4,3,0,3.8,3,UPTOWN,SEMI_FURNISHED,OPEN_KITCHEN,717826
1154,2,1,15,4.1,1,UPTOWN,UNFURNISHED,CLOSED_KITCHEN,321907
557,1,1,4,4.0,1,METROPOLITAN,FURNISHED,CLOSED_KITCHEN,229945
2504,6,5,3,4.2,3,UPTOWN,FURNISHED,OPEN_KITCHEN,1015217
2783,6,6,17,3.3,5,RURAL,UNFURNISHED,OPEN_KITCHEN,389408
500,1,1,3,2.4,3,SUBURB,SEMI_FURNISHED,OPEN_KITCHEN,187328
1929,4,4,0,3.3,1,DOWNTOWN,SEMI_FURNISHED,OPEN_KITCHEN,689305
1467,3,3,11,3.4,3,SUBURB,UNFURNISHED,CLOSED_KITCHEN,348224
1135,2,1,2,2.8,3,SUBURB,UNFURNISHED,CLOSED_KITCHEN,271867
1313,3,3,0,2.9,3,SUBURB,UNFURNISHED,OPEN_KITCHEN,385062
2092,5,5,9,3.0,2,METROPOLITAN,FURNISHED,OPEN_KITCHEN,633073
876,2,1,7,3.7,3,SUBURB,UNFURNISHED,OPEN_KITCHEN,266456
1308,3,3,9,4.2,3,BEACHSIDE,UNFURNISHED,OPEN_KITCHEN,647009
640,1,1,2,2.5,3,SUBURB,SEMI_FURNISHED,CLOSED_KITCHEN,176127
1362,3,3,17,3.6,1,DOWNTOWN,UNFURNISHED,CLOSED_KITCHEN,356794
1139,2,1,12,2.9,2,RURAL,UNFURNISHED,CLOSED_KITCHEN,141257
1714,4,3,1,3.8,1,DOWNTOWN,UNFURNISHED,OPEN_KITCHEN,691354
1995,4,4,9,3.0,3,SUBURB,UNFURNISHED,OPEN_KITCHEN,435023
1593,3,3,11,2.5,4,SUBURB,SEMI_FURNISHED,OPEN_KITCHEN,421721
1588,3,2,7,4.0,1,DOWNTOWN,SEMI_FURNISHED,OPEN_KITCHEN,556864
1126,3,3,3,5.0,3,UPTOWN,SEMI_FURNISHED,CLOSED_KITCHEN,651123
1367,3,2,0,3.9,4,SUBURB,SEMI_FURNISHED,OPEN_KITCHEN,483335
754,1,1,9,5.0,1,UPTOWN,UNFURNISHED,OPEN_KITCHEN,313423
1690,5,5,2,2.0,4,SUBURB,UNFURNISHED,OPEN_KITCHEN,573189
500,1,1,7,2.8,2,RURAL,UNFURNISHED,CLOSED_KITCHEN,80193
1430,3,3,3,4.4,3,BEACHSIDE,UNFURNISHED,CLOSED_KITCHEN,777004
1792,3,2,6,4.6,3,BEACHSIDE,UNFURNISHED,CLOSED_KITCHEN,728451
1129,3,2,1,3.2,1,METROPOLITAN,SEMI_FURNISHED,OPEN_KITCHEN,384046
2303,4,4,9,3.7,3,SUBURB,FURNISHED,CLOSED_KITCHEN,528856
1341,3,3,14,2.5,2,METROPOLITAN,FURNISHED,OPEN_KITCHEN,406885
1619,3,2,3,2.5,3,SUBURB,UNFURNISHED,OPEN_KITCHEN,430513
1575,4,3,0,3.7,3,SUBURB,SEMI_FURNISHED,OPEN_KITCHEN,488803
767,2,2,6,3.0,0,DOWNTOWN,SEMI_FURNISHED,OPEN_KITCHEN,302154
905,2,1,12,2.3,3,SUBURB,FURNISHED,OPEN_KITCHEN,233971
890,2,1,10,3.0,1,METROPOLITAN,UNFURNISHED,CLOSED_KITCHEN,269448
1831,3,2,7,4.3,1,DOWNTOWN,UNFURNISHED,OPEN_KITCHEN,538395
1670,4,3,0,3.0,3,SUBURB,SEMI_FURNISHED,OPEN_KITCHEN,443953
2532,5,5,5,2.7,4,SUBURB,UNFURNISHED,CLOSED_KITCHEN,576647
1728,4,3,0,3.3,1,METROPOLITAN,UNFURNISHED,OPEN_KITCHEN,649251
1902,3,2,9,4.4,3,UPTOWN,FURNISHED,OPEN_KITCHEN,737198
1290,3,2,6,4.1,1,DOWNTOWN,SEMI_FURNISHED,CLOSED_KITCHEN,503576
1438,3,3,16,2.9,3,RURAL,UNFURNISHED,CLOSED_KITCHEN,220464
1661,4,3,0,3.5,4,SUBURB,SEMI_FURNISHED,CLOSED_KITCHEN,481446
1033,2,2,3,2.0,2,RURAL,UNFURNISHED,OPEN_KITCHEN,163001
1786,4,4,8,3.5,4,SUBURB,SEMI_FURNISHED,CLOSED_KITCHEN,472238
1190,2,1,14,4.4,1,METROPOLITAN,SEMI_FURNISHED,CLOSED_KITCHEN,327753
2022,3,3,8,4.1,2,DOWNTOWN,UNFURNISHED,OPEN_KITCHEN,679383
1370,3,2,11,3.4,1,METROPOLITAN,FURNISHED,CLOSED_KITCHEN,407906
1041,2,1,4,3.6,2,RURAL,SEMI_FURNISHED,OPEN_KITCHEN,212607
1023,2,2,0,4.3,2,UPTOWN,SEMI_FURNISHED,OPEN_KITCHEN,485836
1659,4,3,8,3.3,3,SUBURB,SEMI_FURNISHED,OPEN_KITCHEN,406969
513,1,1,4,4.5,1,DOWNTOWN,UNFURNISHED,OPEN_KITCHEN,274355
500,1,1,4,2.1,3,RURAL,SEMI_FURNISHED,OPEN_KITCHEN,121349
1878,4,3,15,3.8,2,UPTOWN,FURNISHED,OPEN_KITCHEN,623598
1587,4,3,6,4.8,3,UPTOWN,UNFURNISHED,OPEN_KITCHEN,743272
1255,3,3,6,2.7,4,SUBURB,SEMI_FURNISHED,OPEN_KITCHEN,408875
2784,6,6,1,3.6,4,UPTOWN,SEMI_FURNISHED,CLOSED_KITCHEN,1064809
1561,4,3,4,3.3,4,SUBURB,SEMI_FURNISHED,CLOSED_KITCHEN,429461
1807,4,4,3,2.6,1,METROPOLITAN,UNFURNISHED,OPEN_KITCHEN,630387
890,2,2,3,2.3,0,DOWNTOWN,UNFURNISHED,CLOSED_KITCHEN,278728
715,1,1,12,5.0,2,BEACHSIDE,UNFURNISHED,CLOSED_KITCHEN,400241
1444,3,2,6,3.1,4,SUBURB,SEMI_FURNISHED,OPEN_KITCHEN,406697
1363,3,2,0,3.0,2,METROPOLITAN,UNFURNISHED,OPEN_KITCHEN,534215
2151,5,4,2,3.4,2,METROPOLITAN,FURNISHED,OPEN_KITCHEN,862847
2639,6,5,9,3.5,3,BEACHSIDE,UNFURNISHED,OPEN_KITCHEN,1114575
1711,3,2,3,3.8,1,DOWNTOWN,UNFURNISHED,OPEN_KITCHEN,555762
789,1,1,12,2.8,0,METROPOLITAN,FURNISHED,CLOSED_KITCHEN,209421
1910,5,4,8,4.1,2,METROPOLITAN,SEMI_FURNISHED,CLOSED_KITCHEN,621712
1920,4,3,16,2.7,3,SUBURB,SEMI_FURNISHED,CLOSED_KITCHEN,345742
1188,2,2,13,3.6,3,SUBURB,UNFURNISHED,OPEN_KITCHEN,273361
1413,3,2,25,3.4,4,SUBURB,FURNISHED,CLOSED_KITCHEN,265797
1593,3,2,12,4.2,2,DOWNTOWN,UNFURNISHED,OPEN_KITCHEN,558816
636,1,1,10,3.0,0,METROPOLITAN,SEMI_FURNISHED,OPEN_KITCHEN,184795
2268,5,4,0,3.5,2,METROPOLITAN,SEMI_FURNISHED,OPEN_KITCHEN,820387
2059,5,5,6,3.7,3,UPTOWN,UNFURNISHED,OPEN_KITCHEN,834593
724,1,1,1,4.4,1,BEACHSIDE,UNFURNISHED,OPEN_KITCHEN,397609
1311,3,2,7,4.3,1,DOWNTOWN,UNFURNISHED,OPEN_KITCHEN,517486
1467,3,3,10,3.7,1,METROPOLITAN,SEMI_FURNISHED,OPEN_KITCHEN,516100
1835,3,2,13,3.9,2,METROPOLITAN,FURNISHED,CLOSED_KITCHEN,498583
500,1,1,3,4.2,1,METROPOLITAN,UNFURNISHED,OPEN_KITCHEN,216172
869,2,2,6,2.9,0,METROPOLITAN,SEMI_FURNISHED,OPEN_KITCHEN,280552
502,1,1,1,3.8,2,BEACHSIDE,FURNISHED,CLOSED_KITCHEN,355556
1316,3,2,0,3.5,2,DOWNTOWN,UNFURNISHED,CLOSED_KITCHEN,468941
500,1,1,0,4.1,1,METROPOLITAN,UNFURNISHED,OPEN_KITCHEN,258559
1620,3,2,7,3.6,2,DOWNTOWN,UNFURNISHED,OPEN_KITCHEN,528898
1121,2,2,16,2.8,2,SUBURB,UNFURNISHED,CLOSED_KITCHEN,236771
1541,3,3,3,3.9,2,METROPOLITAN,SEMI_FURNISHED,CLOSED_KITCHEN,566742
2435,5,5,13,3.3,2,METROPOLITAN,FURNISHED,OPEN_KITCHEN,692865
939,2,1,3,4.0,1,DOWNTOWN,FURNISHED,CLOSED_KITCHEN,438096
1782,4,4,9,4.1,2,BEACHSIDE,FURNISHED,OPEN_KITCHEN,875641
1913,4,3,5,2.9,3,SUBURB,UNFURNISHED,CLOSED_KITCHEN,419647
2028,5,4,13,3.8,4,SUBURB,UNFURNISHED,OPEN_KITCHEN,460705
2379,5,5,3,3.4,4,SUBURB,UNFURNISHED,CLOSED_KITCHEN,584939
1028,2,2,6,3.7,1,METROPOLITAN,SEMI_FURNISHED,OPEN_KITCHEN,382951
788,2,1,4,3.9,1,DOWNTOWN,UNFURNISHED,OPEN_KITCHEN,341746
1576,3,2,2,2.1,3,RURAL,SEMI_FURNISHED,CLOSED_KITCHEN,262272
868,1,1,9,2.8,3,SUBURB,SEMI_FURNISHED,OPEN_KITCHEN,228136
2303,5,4,2,5.0,3,UPTOWN,FURNISHED,OPEN_KITCHEN,1010407
1588,3,3,1,4.8,2,UPTOWN,UNFURNISHED,CLOSED_KITCHEN,624423
875,1,1,22,3.1,2,SUBURB,FURNISHED,CLOSED_KITCHEN,155653
1765,4,4,4,2.3,4,SUBURB,SEMI_FURNISHED,OPEN_KITCHEN,524984
1654,3,2,7,4.2,3,BEACHSIDE,SEMI_FURNISHED,OPEN_KITCHEN,861908
1795,4,4,4,2.9,2,DOWNTOWN,UNFURNISHED,OPEN_KITCHEN,617663
2154,5,5,12,3.8,4,UPTOWN,SEMI_FURNISHED,OPEN_KITCHEN,880110
1374,4,4,10,2.9,1,DOWNTOWN,UNFURNISHED,OPEN_KITCHEN,466508
1350,3,3,5,3.9,2,METROPOLITAN,SEMI_FURNISHED,CLOSED_KITCHEN,539830
500,1,1,9,3.8,1,DOWNTOWN,UNFURNISHED,CLOSED_KITCHEN,195934
1814,4,3,4,2.7,4,SUBURB,FURNISHED,CLOSED_KITCHEN,446255
1688,4,3,13,3.1,4,SUBURB,UNFURNISHED,CLOSED_KITCHEN,350079
2618,6,5,2,2.8,4,SUBURB,SEMI_FURNISHED,OPEN_KITCHEN,692813
1254,2,2,5,3.3,2,RURAL,SEMI_FURNISHED,OPEN_KITCHEN,210264
1961,4,4,8,3.0,4,SUBURB,UNFURNISHED,OPEN_KITCHEN,492470
1975,4,4,3,4.6,2,UPTOWN,SEMI_FURNISHED,OPEN_KITCHEN,810047
646,1,1,14,4.6,0,METROPOLITAN,FURNISHED,CLOSED_KITCHEN,237641
1787,4,4,15,3.4,3,SUBURB,SEMI_FURNISHED,CLOSED_KITCHEN,401775
1488,4,4,10,3.1,4,SUBURB,SEMI_FURNISHED,CLOSED_KITCHEN,430488
1355,3,2,1,3.3,4,SUBURB,SEMI_FURNISHED,OPEN_KITCHEN,425348
1728,4,4,10,2.9,3,SUBURB,UNFURNISHED,OPEN_KITCHEN,414046
1771,4,4,4,3.3,3,SUBURB,UNFURNISHED,OPEN_KITCHEN,534908
1938,3,2,3,3.1,3,SUBURB,SEMI_FURNISHED,OPEN_KITCHEN,460504
1846,3,3,3,4.0,2,UPTOWN,SEMI_FURNISHED,OPEN_KITCHEN,680610
1611,4,3,1,3.6,2,DOWNTOWN,SEMI_FURNISHED,OPEN_KITCHEN,604335
1347,2,1,20,3.9,1,DOWNTOWN,SEMI_FURNISHED,CLOSED_KITCHEN,348046
2767,6,6,4,3.4,2,METROPOLITAN,UNFURNISHED,CLOSED_KITCHEN,962167
1146,2,1,5,3.2,3,SUBURB,UNFURNISHED,OPEN_KITCHEN,299666
1253,3,3,1,2.6,4,SUBURB,UNFURNISHED,OPEN_KITCHEN,431013
1216,3,2,5,4.6,2,UPTOWN,UNFURNISHED,OPEN_KITCHEN,518641
1863,4,4,3,3.2,4,SUBURB,SEMI_FURNISHED,CLOSED_KITCHEN,533270
1936,5,4,8,4.6,2,DOWNTOWN,FURNISHED,OPEN_KITCHEN,809848
1467,3,3,1,2.9,2,DOWNTOWN,FURNISHED,OPEN_KITCHEN,589667
1565,3,3,1,3.2,1,METROPOLITAN,UNFURNISHED,OPEN_KITCHEN,561456
685,1,1,16,3.2,0,METROPOLITAN,UNFURNISHED,CLOSED_KITCHEN,162567
1460,3,2,1,3.9,3,RURAL,FURNISHED,OPEN_KITCHEN,314953
1464,3,2,0,4.6,3,BEACHSIDE,UNFURNISHED,CLOSED_KITCHEN,713771
1212,2,1,8,3.4,2,SUBURB,UNFURNISHED,CLOSED_KITCHEN,242505
1045,2,2,5,2.9,2,SUBURB,UNFURNISHED,OPEN_KITCHEN,303967
1832,4,3,0,4.1,3,SUBURB,UNFURNISHED,OPEN_KITCHEN,532339
2046,5,5,9,2.5,5,SUBURB,FURNISHED,OPEN_KITCHEN,623957
2165,4,3,1,4.2,2,DOWNTOWN,UNFURNISHED,CLOSED_KITCHEN,812347
1323,3,3,7,3.3,4,SUBURB,UNFURNISHED,OPEN_KITCHEN,343073
505,1,1,2,2.7,3,SUBURB,UNFURNISHED,OPEN_KITCHEN,183458
2994,6,6,2,4.8,4,UPTOWN,UNFURNISHED,OPEN_KITCHEN,1157670
1544,4,3,0,3.3,3,SUBURB,UNFURNISHED,OPEN_KITCHEN,443506
1025,2,2,1,3.4,2,SUBURB,FURNISHED,CLOSED_KITCHEN,285805
505,1,1,4,4.5,2,BEACHSIDE,SEMI_FURNISHED,CLOSED_KITCHEN,316024
1631,4,4,3,3.3,3,SUBURB,FURNISHED,OPEN_KITCHEN,510162
1413,3,2,2,3.7,2,METROPOLITAN,SEMI_FURNISHED,OPEN_KITCHEN,567220
934,3,2,1,2.9,3,SUBURB,UNFURNISHED,CLOSED_KITCHEN,279226
875,2,1,13,3.5,3,SUBURB,UNFURNISHED,CLOSED_KITCHEN,228577
1193,3,2,8,4.1,1,METROPOLITAN,FURNISHED,OPEN_KITCHEN,418446
912,1,1,6,3.7,2,SUBURB,UNFURNISHED,OPEN_KITCHEN,225209
1037,2,1,27,4.2,1,UPTOWN,UNFURNISHED,OPEN_KITCHEN,283924
1538,3,2,4,5.0,3,BEACHSIDE,UNFURNISHED,OPEN_KITCHEN,818150
587,1,1,10,3.4,0,METROPOLITAN,SEMI_FURNISHED,CLOSED_KITCHEN,171719
1485,3,3,15,3.9,2,UPTOWN,UNFURNISHED,OPEN_KITCHEN,555605
2071,5,5,17,4.7,2,DOWNTOWN,SEMI_FURNISHED,OPEN_KITCHEN,703885
1903,4,3,16,3.2,2,METROPOLITAN,UNFURNISHED,CLOSED_KITCHEN,448363
820,2,2,7,3.4,2,SUBURB,UNFURNISHED,OPEN_KITCHEN,245980
644,1,1,5,4.4,1,BEACHSIDE,FURNISHED,CLOSED_KITCHEN,352528
1513,3,2,4,2.7,3,SUBURB,UNFURNISHED,OPEN_KITCHEN,410495
998,3,3,10,4.0,1,METROPOLITAN,FURNISHED,OPEN_KITCHEN,442149
839,1,1,7,3.6,1,DOWNTOWN,UNFURNISHED,CLOSED_KITCHEN,243732
1729,3,3,5,2.7,4,SUBURB,UNFURNISHED,CLOSED_KITCHEN,433614
1699,3,2,2,3.3,4,SUBURB,SEMI_FURNISHED,OPEN_KITCHEN,455301
1261,3,2,2,4.5,2,BEACHSIDE,FURNISHED,CLOSED_KITCHEN,652756
1690,4,3,9,3.1,3,SUBURB,SEMI_FURNISHED,CLOSED_KITCHEN,451654
1964,4,4,21,2.7,4,SUBURB,FURNISHED,OPEN_KITCHEN,384507
1528,3,3,0,4.2,2,METROPOLITAN,SEMI_FURNISHED,OPEN_KITCHEN,606812
1212,3,3,4,4.5,3,UPTOWN,FURNISHED,OPEN_KITCHEN,692460
956,2,2,0,4.1,2,UPTOWN,UNFURNISHED,OPEN_KITCHEN,526358
2140,5,4,3,2.5,5,SUBURB,FURNISHED,OPEN_KITCHEN,682970
758,2,1,0,2.7,3,SUBURB,SEMI_FURNISHED,OPEN_KITCHEN,236494
2744,6,5,6,3.1,4,SUBURB,FURNISHED,OPEN_KITCHEN,659982
1048,2,2,24,3.9,0,DOWNTOWN,SEMI_FURNISHED,CLOSED_KITCHEN,262176
1598,4,3,5,3.6,2,DOWNTOWN,UNFURNISHED,OPEN_KITCHEN,635877
1647,4,3,14,2.7,3,SUBURB,UNFURNISHED,CLOSED_KITCHEN,339833
1626,4,4,8,4.5,3,UPTOWN,UNFURNISHED,OPEN_KITCHEN,685196
1984,5,5,3,3.3,5,SUBURB,FURNISHED,OPEN_KITCHEN,626008
817,2,2,3,3.7,1,METROPOLITAN,UNFURNISHED,OPEN_KITCHEN,372150
2302,5,5,19,3.2,4,SUBURB,UNFURNISHED,CLOSED_KITCHEN,490484
1867,4,4,12,3.5,4,SUBURB,SEMI_FURNISHED,OPEN_KITCHEN,444460
1769,3,2,19,3.1,3,SUBURB,FURNISHED,OPEN_KITCHEN,369707
1180,2,2,6,2.7,3,SUBURB,SEMI_FURNISHED,OPEN_KITCHEN,332203
1109,2,2,3,3.5,3,RURAL,SEMI_FURNISHED,OPEN_KITCHEN,224373
1683,4,4,1,3.7,2,UPTOWN,SEMI_FURNISHED,OPEN_KITCHEN,803743
700,1,1,10,3.9,2,BEACHSIDE,SEMI_FURNISHED,OPEN_KITCHEN,354177
1467,4,4,6,4.5,3,BEACHSIDE,UNFURNISHED,CLOSED_KITCHEN,870127
1424,3,3,3,3.2,3,SUBURB,FURNISHED,OPEN_KITCHEN,399507
804,2,2,5,3.5,0,DOWNTOWN,FURNISHED,CLOSED_KITCHEN,375217
1551,4,4,12,3.1,4,RURAL,SEMI_FURNISHED,OPEN_KITCHEN,311521
1618,3,3,11,4.3,2,DOWNTOWN,UNFURNISHED,CLOSED_KITCHEN,494328
897,2,1,17,4.0,1,UPTOWN,SEMI_FURNISHED,OPEN_KITCHEN,355190
500,1,1,9,3.0,1,DOWNTOWN,SEMI_FURNISHED,OPEN_KITCHEN,200308
990,2,1,18,3.1,3,SUBURB,UNFURNISHED,OPEN_KITCHEN,197159
1343,3,3,15,1.9,3,SUBURB,SEMI_FURNISHED,CLOSED_KITCHEN,268931
1560,3,2,8,3.1,4,SUBURB,UNFURNISHED,OPEN_KITCHEN,371744
1875,4,4,13,3.3,3,SUBURB,SEMI_FURNISHED,CLOSED_KITCHEN,415643
1680,4,3,5,3.1,4,SUBURB,FURNISHED,OPEN_KITCHEN,466811
1494,3,2,17,2.5,3,SUBURB,FURNISHED,CLOSED_KITCHEN,274451
1951,4,4,0,3.2,4,SUBURB,FURNISHED,CLOSED_KITCHEN,554355
1403,3,2,2,2.7,3,RURAL,SEMI_FURNISHED,CLOSED_KITCHEN,243509
2533,6,5,10,1.9,4,SUBURB,UNFURNISHED,OPEN_KITCHEN,622596
1327,3,2,11,4.3,2,BEACHSIDE,SEMI_FURNISHED,CLOSED_KITCHEN,665479
1145,2,2,19,3.9,1,METROPOLITAN,FURNISHED,CLOSED_KITCHEN,323208
1285,3,2,17,2.7,3,SUBURB,UNFURNISHED,CLOSED_KITCHEN,248348
541,1,1,9,4.8,1,BEACHSIDE,SEMI_FURNISHED,OPEN_KITCHEN,397750
529,1,1,5,2.6,2,RURAL,UNFURNISHED,OPEN_KITCHEN,104426
1802,4,4,9,3.6,1,METROPOLITAN,UNFURNISHED,CLOSED_KITCHEN,534985
1257,3,3,15,2.1,3,SUBURB,FURNISHED,OPEN_KITCHEN,338984
1021,3,3,20,3.9,1,DOWNTOWN,SEMI_FURNISHED,CLOSED_KITCHEN,361515
2161,5,4,1,4.5,3,UPTOWN,FURNISHED,OPEN_KITCHEN,1009358
1637,3,2,4,3.7,2,DOWNTOWN,FURNISHED,OPEN_KITCHEN,637606
1377,3,3,0,2.7,3,RURAL,SEMI_FURNISHED,OPEN_KITCHEN,322872
1540,3,2,1,4.5,1,METROPOLITAN,UNFURNISHED,OPEN_KITCHEN,524665
1322,3,2,12,2.0,3,RURAL,SEMI_FURNISHED,CLOSED_KITCHEN,193578
1176,3,3,23,3.8,3,SUBURB,FURNISHED,OPEN_KITCHEN,308339
1781,4,4,2,3.6,4,RURAL,FURNISHED,OPEN_KITCHEN,415491
810,2,1,1,3.6,0,METROPOLITAN,SEMI_FURNISHED,OPEN_KITCHEN,325525
1684,3,2,2,4.4,2,UPTOWN,UNFURNISHED,OPEN_KITCHEN,616365
1219,3,3,0,3.7,3,BEACHSIDE,UNFURNISHED,OPEN_KITCHEN,807681
1034,2,1,9,4.0,1,DOWNTOWN,UNFURNISHED,OPEN_KITCHEN,384486
1693,4,4,2,3.4,2,DOWNTOWN,UNFURNISHED,CLOSED_KITCHEN,682700
1597,4,3,3,3.0,1,METROPOLITAN,SEMI_FURNISHED,CLOSED_KITCHEN,595262
500,1,1,3,3.6,1,METROPOLITAN,FURNISHED,CLOSED_KITCHEN,261452
815,1,1,16,3.8,0,METROPOLITAN,FURNISHED,CLOSED_KITCHEN,249228
1264,2,1,4,3.3,3,RURAL,SEMI_FURNISHED,CLOSED_KITCHEN,229596
614,1,1,18,3.9,2,SUBURB,SEMI_FURNISHED,CLOSED_KITCHEN,135887
2014,4,4,25,2.8,3,SUBURB,SEMI_FURNISHED,CLOSED_KITCHEN,299677
1469,3,3,1,4.5,2,DOWNTOWN,UNFURNISHED,OPEN_KITCHEN,553331
714,1,1,3,2.9,3,SUBURB,FURNISHED,OPEN_KITCHEN,253656
926,2,2,5,2.4,3,RURAL,SEMI_FURNISHED,CLOSED_KITCHEN,178191
2028,5,4,3,2.9,4,SUBURB,FURNISHED,OPEN_KITCHEN,629531
1056,2,2,17,4.1,3,SUBURB,SEMI_FURNISHED,OPEN_KITCHEN,286672
867,2,2,0,3.3,2,SUBURB,SEMI_FURNISHED,OPEN_KITCHEN,317650
561,1,1,14,3.0,2,SUBURB,UNFURNISHED,CLOSED_KITCHEN,110621
2132,4,4,4,4.0,3,SUBURB,UNFURNISHED,CLOSED_KITCHEN,598426
1450,2,1,24,3.7,0,DOWNTOWN,FURNISHED,CLOSED_KITCHEN,303748
858,1,1,0,3.1,0,METROPOLITAN,SEMI_FURNISHED,OPEN_KITCHEN,287028
1794,4,4,5,4.2,3,BEACHSIDE,SEMI_FURNISHED,CLOSED_KITCHEN,930169
1982,4,4,1,3.4,4,RURAL,FURNISHED,OPEN_KITCHEN,392233
1046,2,1,7,3.8,2,BEACHSIDE,UNFURNISHED,OPEN_KITCHEN,497330
1870,4,3,2,3.5,1,DOWNTOWN,SEMI_FURNISHED,OPEN_KITCHEN,636562
2090,4,4,1,3.0,2,METROPOLITAN,FURNISHED,OPEN_KITCHEN,732730
1965,5,5,8,3.5,4,SUBURB,SEMI_FURNISHED,OPEN_KITCHEN,596211
1636,4,4,12,3.4,4,SUBURB,SEMI_FURNISHED,CLOSED_KITCHEN,405437
1815,4,4,2,4.8,2,BEACHSIDE,FURNISHED,OPEN_KITCHEN,995801
1675,4,4,12,3.3,4,SUBURB,FURNISHED,CLOSED_KITCHEN,433317
500,1,1,5,3.4,1,METROPOLITAN,FURNISHED,OPEN_KITCHEN,237569
2725,6,6,16,4.4,5,SUBURB,UNFURNISHED,CLOSED_KITCHEN,596771
1936,4,3,20,4.3,3,BEACHSIDE,FURNISHED,CLOSED_KITCHEN,762815
1253,3,2,17,2.8,3,RURAL,SEMI_FURNISHED,OPEN_KITCHEN,218479
711,1,1,3,2.5,3,SUBURB,SEMI_FURNISHED,CLOSED_KITCHEN,192040
965,2,2,15,2.9,1,BEACHSIDE,UNFURNISHED,CLOSED_KITCHEN,338018
1837,4,4,2,3.4,2,METROPOLITAN,SEMI_FURNISHED,OPEN_KITCHEN,591356
573,1,1,14,4.2,0,DOWNTOWN,SEMI_FURNISHED,CLOSED_KITCHEN,224281
1012,2,1,17,2.9,1,DOWNTOWN,SEMI_FURNISHED,CLOSED_KITCHEN,259055
1395,3,2,0,2.3,4,SUBURB,UNFURNISHED,CLOSED_KITCHEN,331367
1541,4,4,0,4.1,3,BEACHSIDE,SEMI_FURNISHED,OPEN_KITCHEN,995328
1413,3,2,0,4.0,2,UPTOWN,SEMI_FURNISHED,CLOSED_KITCHEN,656343
1329,3,2,2,3.4,2,UPTOWN,UNFURNISHED,OPEN_KITCHEN,603709
2486,5,5,6,3.5,4,SUBURB,SEMI_FURNISHED,OPEN_KITCHEN,689834
1289,3,2,3,3.6,1,METROPOLITAN,UNFURNISHED,OPEN_KITCHEN,451988
874,2,2,14,3.0,1,METROPOLITAN,UNFURNISHED,OPEN_KITCHEN,273875
1890,4,3,23,3.6,3,SUBURB,SEMI_FURNISHED,OPEN_KITCHEN,318551
2023,5,4,3,3.1,2,METROPOLITAN,SEMI_FURNISHED,OPEN_KITCHEN,641125
2021,4,4,8,2.8,3,SUBURB,FURNISHED,CLOSED_KITCHEN,473738
1120,3,3,2,3.0,3,SUBURB,FURNISHED,OPEN_KITCHEN,408537
931,2,1,14,3.3,0,METROPOLITAN,FURNISHED,CLOSED_KITCHEN,260289
547,1,1,10,3.6,0,METROPOLITAN,FURNISHED,OPEN_KITCHEN,206504
1529,3,3,6,3.5,3,UPTOWN,UNFURNISHED,OPEN_KITCHEN,648056
2165,5,4,8,3.4,4,SUBURB,UNFURNISHED,OPEN_KITCHEN,605046
1531,4,4,15,3.1,3,SUBURB,UNFURNISHED,CLOSED_KITCHEN,345878
1275,3,3,0,3.2,3,SUBURB,FURNISHED,OPEN_KITCHEN,417490
2517,4,3,9,4.4,2,BEACHSIDE,FURNISHED,OPEN_KITCHEN,1058168
500,1,1,5,3.5,3,RURAL,UNFURNISHED,OPEN_KITCHEN,143443
1553,3,3,3,4.1,1,DOWNTOWN,FURNISHED,OPEN_KITCHEN,586331
1308,2,2,8,3.5,0,METROPOLITAN,UNFURNISHED,OPEN_KITCHEN,392704
1640,4,4,12,3.6,3,SUBURB,SEMI_FURNISHED,CLOSED_KITCHEN,384636
1313,3,3,7,3.5,4,SUBURB,UNFURNISHED,OPEN_KITCHEN,382722
612,2,2,0,2.7,3,SUBURB,FURNISHED,OPEN_KITCHEN,262357
1847,4,4,12,4.5,2,BEACHSIDE,FURNISHED,CLOSED_KITCHEN,799612
1399,3,2,0,2.3,4,SUBURB,UNFURNISHED,OPEN_KITCHEN,426537
1798,4,3,11,4.0,1,DOWNTOWN,FURNISHED,CLOSED_KITCHEN,574031
832,1,1,12,3.3,0,METROPOLITAN,SEMI_FURNISHED,OPEN_KITCHEN,229968
1352,2,1,7,3.9,1,METROPOLITAN,UNFURNISHED,OPEN_KITCHEN,379225
